feature_name,mean,median,standard_deviation,max,min
<!--,19.129451314683635,11.0,49.9399743255289,5458.0,0.0
<!DOCTYPE,0.8492736222835875,1.0,0.4149639101840216,17.0,0.0
<a,142.9019089926762,33.0,617.1348092483142,29689.0,0.0
<abbr,0.0,0.0,0.0,0.0,0.0
<acronym,0.0,0.0,0.0,0.0,0.0
<address,0.0,0.0,0.0,0.0,0.0
<applet,0.0,0.0,0.0,0.0,0.0
<area,0.0,0.0,0.0,0.0,0.0
<article,0.0,0.0,0.0,0.0,0.0
<aside,0.0,0.0,0.0,0.0,0.0
<audio,0.0,0.0,0.0,0.0,0.0
<b,10.658782566934805,3.0,278.6144487086169,39096.0,0.0
<base,0.0,0.0,0.0,0.0,0.0
<basefont,0.0,0.0,0.0,0.0,0.0
<bdi,0.0,0.0,0.0,0.0,0.0
<bdo,0.0,0.0,0.0,0.0,0.0
<big,0.0,0.0,0.0,0.0,0.0
<blockquote,0.0,0.0,0.0,0.0,0.0
<body,0.0,0.0,0.0,0.0,0.0
<br,0.0,0.0,0.0,0.0,0.0
<button,0.0,0.0,0.0,0.0,0.0
<canvas,0.0023772361628046582,0.0,0.07080309881456691,6.0,0.0
<caption,0.01637651578820987,0.0,0.15078566823950026,11.0,0.0
<center,0.2389002281186217,0.0,1.632445421075837,201.0,0.0
<cite,0.045383599471725294,0.0,2.6822406979568347,435.0,0.0
<code,0.011646055949093528,0.0,0.4651259292143231,69.0,0.0
<col,0.014359466922799855,0.0,0.5548706159209986,87.0,0.0
<colgroup,0.0,0.0,0.0,0.0,0.0
<datalist,0.0,0.0,0.0,0.0,0.0
<dd,0.3410013206867571,0.0,6.175864590075373,401.0,0.0
<del,0.026990034818105416,0.0,0.8747800909335004,103.0,0.0
<details,0.0,0.0,0.0,0.0,0.0
<dfn,0.0012006243246488173,0.0,0.09087932754589312,7.0,0.0
<dialog,0.0,0.0,0.0,0.0,0.0
<dir,0.0003841997838876216,0.0,0.07840405947527172,16.0,0.0
<div,72.5907551927002,34.0,410.1822930712011,58403.0,0.0
<dl,0.34289830711970226,0.0,3.903932994953033,428.0,0.0
<dt,0.2391643654700444,0.0,4.509528229169462,561.0,0.0
<em,0.8320326569816304,0.0,12.0514617772327,1314.0,0.0
<embed,0.0,0.0,0.0,0.0,0.0
<fieldset,0.04766478568855805,0.0,0.3417027472340533,20.0,0.0
<figcaption,0.020362588546043944,0.0,0.6687577120745963,71.0,0.0
<figure,0.06759514947772842,0.0,1.1105314836226357,74.0,0.0
<font,0.3684475927482291,0.0,14.614247515101155,2844.0,0.0
<footer,0.4226197622763837,0.0,2.8535723464613096,391.0,0.0
<form,0.7716412534517949,1.0,1.6124210821735714,166.0,0.0
<frame,0.02367631168207468,0.0,0.225129508223806,7.0,0.0
<frameset,0.0,0.0,0.0,0.0,0.0
<h1,0.5859046704286229,0.0,4.392364003776972,844.0,0.0
<h2,2.0391163404970585,0.0,5.177753071803503,337.0,0.0
<h3,1.0988594068915836,0.0,3.5941579369997156,244.0,0.0
<h4,0.4406771521191019,0.0,2.123259076593644,121.0,0.0
<h5,0.11662864689638612,0.0,1.606006210175981,120.0,0.0
<h6,0.04055708968663705,0.0,0.6030072851035762,42.0,0.0
<head,1.4590467042862287,1.0,2.2903255885065312,202.0,0.0
<header,0.0,0.0,0.0,0.0,0.0
<hr,0.24766478568855804,0.0,10.2489958948366,2023.0,0.0
<html,0.9578340737183335,1.0,0.8453565618605321,41.0,0.0
<i,13.579205186697083,6.0,37.250958976467956,5071.0,0.0
<iframe,0.0,0.0,0.0,0.0,0.0
<img,0.0,0.0,0.0,0.0,0.0
<input,0.0,0.0,0.0,0.0,0.0
<ins,0.0,0.0,0.0,0.0,0.0
<kbd,0.0003841997838876216,0.0,0.07366684905038391,15.0,0.0
<keygen,0.0,0.0,0.0,0.0,0.0
<label,0.5743546644255013,0.0,4.679218651248074,629.0,0.0
<legend,0.006003121623244087,0.0,0.10674352300734467,5.0,0.0
<li,95.07602353223676,14.0,586.4830043662538,21915.0,0.0
<link,0.0,0.0,0.0,0.0,0.0
<main,0.029607395845839837,0.0,0.17091444975091669,4.0,0.0
<map,0.013903229679433306,0.0,0.21432636279753448,12.0,0.0
<mark,0.006699483731540401,0.0,0.4351944056232647,37.0,0.0
<menu,0.0008884620002401249,0.0,0.038262350500265725,3.0,0.0
<menuitem,0.0,0.0,0.0,0.0,0.0
<meta,6.584199783887621,4.0,8.946258403177817,254.0,0.0
<meter,0.0,0.0,0.0,0.0,0.0
<nav,0.28774162564533556,0.0,0.6859911136370155,19.0,0.0
<noframes,0.011021731300276144,0.0,0.10440552901009392,1.0,0.0
<noscript,0.10166886781126186,0.0,0.5726772443073979,69.0,0.0
<object,0.035778604874534756,0.0,0.3143347065169338,25.0,0.0
<ol,0.0721815343978869,0.0,1.0165405453441085,131.0,0.0
<optgroup,0.0011285868651698884,0.0,0.0773173911521739,8.0,0.0
<option,4.082218753751951,0.0,54.625104029872574,3961.0,0.0
<output,0.0,0.0,0.0,0.0,0.0
<p,6.451122583743547,1.0,85.61876991855927,14698.0,0.0
<param,0.0,0.0,0.0,0.0,0.0
<picture,0.0,0.0,0.0,0.0,0.0
<pre,0.0,0.0,0.0,0.0,0.0
<progress,0.0,0.0,0.0,0.0,0.0
<q,0.0014167367030856045,0.0,0.0593962379746981,5.0,0.0
<rp,0.0,0.0,0.0,0.0,0.0
<rt,0.0019209989194381078,0.0,0.3774146261358802,77.0,0.0
<ruby,7.203745947892904e-05,0.0,0.014700761151613447,3.0,0.0
<s,106.62490094849322,19.0,577.9462327822288,6774.0,0.0
<samp,0.0,0.0,0.0,0.0,0.0
<script,0.0,0.0,0.0,0.0,0.0
<section,0.0,0.0,0.0,0.0,0.0
<select,0.0,0.0,0.0,0.0,0.0
<small,0.0,0.0,0.0,0.0,0.0
<source,0.0,0.0,0.0,0.0,0.0
<span,0.0,0.0,0.0,0.0,0.0
<strike,0.0,0.0,0.0,0.0,0.0
<strong,0.0,0.0,0.0,0.0,0.0
<style,0.0,0.0,0.0,0.0,0.0
<sub,0.0,0.0,0.0,0.0,0.0
<summary,0.0,0.0,0.0,0.0,0.0
<sup,0.0,0.0,0.0,0.0,0.0
<table,1.8805138672109496,0.0,11.988099064760654,2028.0,0.0
<tbody,0.2977548325129067,0.0,1.6874433865773568,157.0,0.0
<td,5.035730579901549,0.0,54.73120344473094,3862.0,0.0
<textarea,0.06485772601752912,0.0,0.36009193434744236,14.0,0.0
<tfoot,0.015944291031336294,0.0,0.12659632800752468,2.0,0.0
<th,0.24636811141793732,0.0,2.1809433417180215,156.0,0.0
<thead,0.0,0.0,0.0,0.0,0.0
<time,0.10968903829991596,0.0,3.3348884024552334,484.0,0.0
<title,0.8209148757353824,1.0,0.45954333571463424,19.0,0.0
<tr,4.223532236763117,0.0,28.378558343965857,4063.0,0.0
<track,0.0,0.0,0.0,0.0,0.0
<tt,0.00016808740545083442,0.0,0.012963918685721058,1.0,0.0
<u,6.603553848000961,2.0,47.974766312291834,3300.0,0.0
<ul,0.0,0.0,0.0,0.0,0.0
<var,0.0032176731900588305,0.0,0.2945723279551232,36.0,0.0
<video,0.009749069516148397,0.0,0.31316186763387965,45.0,0.0
<wbr,0.3467643174450714,0.0,6.847964347654497,234.0,0.0
entropy,0.671895307832156,0.6720137248432273,0.04699096597870321,0.8287102597010243,0.07866967383943609
file_size,77254.30178893024,34988.0,248178.701722064,27337483.0,51.0
file_id,30.47511105775003,16.0,41.88853480498027,530.0,2.0
percentage,0.15931324288631535,0.0,0.7622218462466743,9.6,0.0
trid_id,2.3507263777164127,0.0,4.606755892096719,51.0,0.0
