feature_name,mean,median,standard_deviation,min,max
edx,7432.56224412,2632.0,22220.9090006,0.0,829016.0
esi,8314.14469836,3295.0,17455.5111474,0.0,532781.0
es,5.04130835048,2.0,22.0587259148,0.0,1564.0
fs,0.760706162677,0.0,1.9258834255,0.0,130.0
ds,2.30215531247,0.0,14.2442230712,0.0,1403.0
ss,2.49518033142,0.0,15.8040927587,0.0,846.0
gs,0.838015812845,0.0,2.20854439885,0.0,275.0
cs,2.11480558865,0.0,46.4776289458,0.0,8427.0
ah,54.0709411892,19.0,299.031139233,0.0,11620.0
al,1330.00268602,411.0,2915.29726957,0.0,89272.0
ax,278.672869057,187.0,794.025206409,0.0,105716.0
bh,15.7909671829,2.0,63.8592627073,0.0,5340.0
bl,459.759103217,152.0,892.295500713,0.0,26322.0
bx,40.810180873,16.0,82.0969095425,0.0,4362.0
ch,19.8102891801,2.0,98.7434493623,0.0,8619.0
cl,364.41754576,174.0,732.158083342,0.0,20616.0
cx,99.7216289397,51.0,167.621535988,0.0,7061.0
dh,15.9737896675,4.0,70.8655326161,0.0,3713.0
dl,550.686494097,115.0,2570.5012474,0.0,62991.0
dx,93.9528430629,59.0,201.421528827,0.0,4834.0
eax,24995.3199177,8338.0,75688.3900304,0.0,4446197.0
ebp,14488.3300119,5933.0,31812.2303718,0.0,1053598.0
ebx,7520.73514567,2543.0,20609.7288756,0.0,654637.0
ecx,9797.8973898,4372.0,34161.8345801,0.0,2221934.0
edi,5482.10702913,2177.0,11350.4872887,0.0,352444.0
esp,4793.25595148,1462.0,21070.8609842,0.0,838033.0
add,2057.77240334,855.0,4764.70031272,0.0,214652.0
al.1,583.80907614,184.0,1416.75579019,0.0,44206.0
bt,4.20576194086,0.0,13.1837773351,0.0,630.0
call,7946.00134301,3187.0,16054.304962,0.0,425019.0
cdq,53.6301527131,23.0,102.261280088,0.0,2695.0
cld,7.54762265786,1.0,119.289607118,0.0,9223.0
cli,1.4004115672,0.0,18.4125511173,0.0,1770.0
cmc,2.02443409509,0.0,12.0506006114,0.0,596.0
cmp,3101.23301202,1221.0,5265.89829128,0.0,165667.0
const,29.8093794,4.0,57.5055944391,0.0,1690.0
cwd,0.0115238817286,0.0,0.276677297559,0.0,13.0
daa,0.434723275208,0.0,5.52811919014,0.0,380.0
db,1284.73674862,697.0,2834.88361914,0.0,94073.0
dd,8686.46119354,3260.0,21045.3919778,0.0,567480.0
dec,506.393479909,144.0,1485.98849031,0.0,52493.0
dw,158.307375718,47.0,519.949127418,0.0,18760.0
endp,1317.10304343,533.0,2751.19594316,0.0,60525.0
ends,3.48714394021,3.0,1.42387349637,0.0,34.0
faddp,5.12199718401,0.0,57.6061444075,0.0,2456.0
fchs,3.62980613019,0.0,42.7065964339,0.0,1271.0
fdiv,5.1780136467,0.0,23.152802681,0.0,689.0
fdivp,2.84932308026,0.0,12.073714586,0.0,493.0
fdivr,1.39384815336,0.0,6.82083945702,0.0,190.0
fild,38.4899382649,0.0,218.050529897,0.0,19680.0
fistp,12.899274342,0.0,145.06634655,0.0,4014.0
fld,134.767724467,1.0,2707.29151672,0.0,307895.0
fstcw,0.79274342034,0.0,1.83766828269,0.0,44.0
fstcwimul,0.0,0.0,0.0,0.0,0.0
fstp,158.802664356,5.0,2817.23238722,0.0,307948.0
fword,2.13408426297,0.0,10.0022764266,0.0,516.0
fxch,31.4120004332,0.0,359.789930844,0.0,13326.0
imul,149.813321781,19.0,4502.16692948,0.0,770476.0
in,11.5461063576,6.0,29.0826408379,1.0,2639.0
inc,788.565731615,294.0,1537.23039015,0.0,46944.0
ins,0.030802556049,0.0,0.713058515862,0.0,98.0
int,409.825972057,181.0,536.467416783,0.0,14532.0
jb,190.142315607,69.0,262.119803475,0.0,8517.0
je,0.00515542077331,0.0,0.151728981333,0.0,23.0
jg,166.527802448,41.0,379.598718582,0.0,8105.0
jge,157.038362396,53.0,351.606184222,0.0,10111.0
jl,265.788302827,73.0,573.490608612,0.0,9176.0
jmp,2595.17155854,953.0,5629.62964676,0.0,183650.0
jnb,123.883439835,63.0,169.067447583,0.0,6201.0
jno,5.87562005849,0.0,71.6438207738,0.0,2586.0
jnz,1648.56451857,688.0,3090.11692779,0.0,131839.0
jo,10.872132568,0.0,41.6838455701,0.0,5246.0
jz,2533.50295679,974.0,5360.26236942,0.0,209499.0
lea,4018.21934366,1580.0,9059.94753137,0.0,643619.0
loope,0.279865699123,0.0,5.64100573071,0.0,448.0
mov,22844.7218456,7362.0,74877.2520354,0.0,3705034.0
movzx,510.472782411,148.0,1102.62519884,0.0,17348.0
mul,14.0396837431,4.0,23.2047072228,0.0,579.0
near,1322.14497996,546.0,2763.21305759,0.0,60530.0
neg,84.2461171883,45.0,189.619477766,0.0,20587.0
not,43.872284198,25.0,124.60085489,0.0,11504.0
or,475.661453482,198.0,768.317736783,0.0,25443.0
out,0.751001841222,0.0,10.0808777379,0.0,514.0
outs,0.622441243366,0.0,6.55426177631,0.0,974.0
pop,4294.76168093,1268.0,10992.0332771,0.0,771257.0
popf,1.35366619734,0.0,38.1174684087,0.0,3712.0
proc,0.207949745478,0.0,3.52891580215,0.0,166.0
push,11529.0194736,5314.0,19414.8304595,0.0,896249.0
pushf,4.70806888335,0.0,59.4884448285,0.0,3712.0
rcl,1.42315607062,0.0,14.6438606004,0.0,2390.0
rcr,2.03814578144,0.0,7.03882160916,0.0,378.0
rdtsc,0.0440593523232,0.0,0.757688593093,0.0,111.0
rep,44.0099209358,23.0,232.44028237,0.0,6261.0
ret,0.00225278890935,0.0,0.04741057415,0.0,1.0
retn,1732.9318748,630.0,4070.14491462,0.0,88863.0
rol,19.560771147,0.0,55.5538970843,0.0,6352.0
ror,13.9635438102,0.0,45.6712079243,0.0,4375.0
sal,0.644600888119,0.0,5.71895420485,0.0,281.0
sar,91.1125527997,33.0,281.887350255,0.0,8308.0
sbb,63.2823784252,45.0,118.240575155,0.0,5343.0
scas,0.0121737246832,0.0,0.275708253963,0.0,16.0
setb,0.640658507527,0.0,3.14303847271,0.0,86.0
setle,0.504299794216,0.0,8.88376304932,0.0,1809.0
setnle,31.1356438861,2.0,59.3262179332,0.0,243.0
setnz,48.6475251814,6.0,783.964051176,0.0,22065.0
setz,18.2743203726,7.0,50.410959938,0.0,1485.0
shl,151.278934258,71.0,531.67860589,0.0,32531.0
shld,1.2869273259,0.0,11.1851180579,0.0,1005.0
shr,112.214881404,43.0,420.412385544,0.0,35692.0
sidt,0.0,0.0,0.0,0.0,0.0
stc,1.53752843063,0.0,27.8795072225,0.0,5115.0
std,3.51801148056,1.0,13.1257310881,0.0,1769.0
sti,0.689071807646,0.0,9.29467451185,0.0,1403.0
stos,0.0109606845012,0.0,0.207750665673,0.0,9.0
sub,1013.17493772,395.0,8909.45379567,0.0,740483.0
test,1842.39166035,644.0,4365.10606457,0.0,196496.0
wait,32.4850644428,1.0,151.969700171,0.0,6631.0
xchg,80.3000108307,1.0,3635.23125171,0.0,557539.0
xor,2028.64373443,869.0,4133.41689456,0.0,82496.0
vertex_count,3682.67529514,1593.0,6522.54882156,1.0,319620.0
edge_count,7957.48837864,3195.0,16067.4882345,0.0,425019.0
delta_max,316.350351998,168.0,2321.54579244,0.0,317339.0
density,2.91980809188,0.0140687504238,43.6819563882,0.0,4403.26666667
entropy,0.77172432208,0.798610138639,0.129851338697,0.00234496224976,0.99999635799
file_size,855154.543009,516792.0,1644368.32925,1536.0,32503720.0
file_id,1.87490523124,1.0,4.84418998646,1.0,319.0
percentage,5.02401602946,4.5,2.57008647685,0.0,9.9
trid_id,8.00777645402,5.0,7.73236665949,0.0,72.0
packer_id,683.189949096,1060.0,565.051513857,0.0,3588.0
