,feature_name,mean,median,standard_deviation,max,min
0,edx,1234.32472325,209.0,3388.7106001,18456.0,0.0
1,esi,1899.7601476,374.0,4750.65179365,26599.0,4.0
2,es,12.9114391144,0.0,65.8880609243,448.0,0.0
3,fs,0.20295202952,0.0,0.724792788719,3.0,0.0
4,ds,1.64206642066,0.0,10.5131805179,78.0,0.0
5,ss,0.553505535055,0.0,2.02116043835,12.0,0.0
6,gs,0.221402214022,0.0,0.732109754873,3.0,0.0
7,cs,1.73062730627,0.0,10.778809079,80.0,0.0
8,ah,10.1992619926,0.0,37.9146819921,246.0,0.0
9,al,242.188191882,41.0,416.03658761,1695.0,0.0
10,ax,27.5830258303,2.0,75.2151452912,814.0,0.0
11,bh,2.73062730627,0.0,10.7015637129,56.0,0.0
12,bl,104.911439114,20.0,199.700756453,859.0,0.0
13,bx,7.62361623616,2.0,13.3288338041,59.0,0.0
14,ch,4.78966789668,0.0,20.3009770856,114.0,0.0
15,cl,164.660516605,30.0,382.121140223,2159.0,0.0
16,cx,16.479704797,0.0,47.2774959533,532.0,0.0
17,dh,8.0332103321,0.0,33.087353582,202.0,0.0
18,dl,134.365313653,20.0,353.22202038,1826.0,0.0
19,dx,13.2066420664,1.0,33.7786053285,377.0,0.0
20,eax,3893.00738007,791.0,9347.20255873,52232.0,13.0
21,ebp,1748.97416974,487.0,3401.26960654,18966.0,0.0
22,ebx,1207.80811808,250.0,2937.19159139,15404.0,0.0
23,ecx,2058.74907749,549.0,4421.50352211,24595.0,7.0
24,edi,1396.20664207,293.0,3454.04687096,18873.0,5.0
25,esp,1846.02214022,309.0,5287.45097442,28752.0,0.0
26,add,781.099630996,112.0,2386.48833467,13796.0,2.0
27,al.1,104.95202952,18.0,180.568796537,765.0,0.0
28,bt,0.50184501845,0.0,2.52670849972,18.0,0.0
29,call,1108.67896679,298.0,2392.78764521,13057.0,0.0
30,cdq,11.8929889299,3.0,25.3349339172,136.0,0.0
31,cld,2.13653136531,0.0,4.06153972787,20.0,0.0
32,cli,0.0184501845018,0.0,0.134821542919,1.0,0.0
33,cmc,0.0184501845018,0.0,0.303728369615,5.0,0.0
34,cmp,604.243542435,115.0,1218.58015424,5970.0,0.0
35,const,5.53136531365,1.0,12.5029601524,84.0,0.0
36,cwd,0.0,0.0,0.0,0.0,0.0
37,daa,0.0479704797048,0.0,0.324187781454,3.0,0.0
38,db,393.575645756,189.0,786.704354557,4594.0,8.0
39,dd,1176.78228782,159.0,3597.30672925,30591.0,35.0
40,dec,97.9077490775,28.0,194.907201981,1023.0,0.0
41,dw,24.8302583026,19.0,29.9102479578,339.0,0.0
42,endp,197.007380074,40.0,421.965726119,2607.0,0.0
43,ends,3.0147601476,3.0,0.27176350973,5.0,1.0
44,faddp,0.0,0.0,0.0,0.0,0.0
45,fchs,0.125461254613,0.0,0.847074086889,11.0,0.0
46,fdiv,0.10332103321,0.0,0.459899389441,5.0,0.0
47,fdivp,0.0405904059041,0.0,0.215625752044,2.0,0.0
48,fdivr,0.0,0.0,0.0,0.0,0.0
49,fild,0.472324723247,0.0,1.49014346243,7.0,0.0
50,fistp,0.0664206642066,0.0,0.263905342488,2.0,0.0
51,fld,1.50184501845,0.0,7.1987007772,85.0,0.0
52,fstcw,0.132841328413,0.0,0.520746302692,3.0,0.0
53,fstcwimul,0.0,0.0,0.0,0.0,0.0
54,fstp,1.40221402214,0.0,8.25814046677,102.0,0.0
55,fword,0.0110701107011,0.0,0.135630075162,2.0,0.0
56,fxch,0.162361623616,0.0,1.6962443139,24.0,0.0
57,imul,11.4095940959,2.0,23.9206663365,118.0,0.0
58,in,3.85608856089,3.0,1.42125069318,12.0,1.0
59,inc,167.04797048,23.0,419.07969001,2197.0,0.0
60,ins,0.0,0.0,0.0,0.0,0.0
61,int,88.5977859779,46.0,126.893031047,997.0,0.0
62,jb,38.9889298893,6.0,93.0111296962,858.0,0.0
63,je,0.0,0.0,0.0,0.0,0.0
64,jg,29.2250922509,2.0,87.5772520221,489.0,0.0
65,jge,29.0442804428,5.0,72.7574221398,422.0,0.0
66,jl,45.5793357934,8.0,123.725652963,696.0,0.0
67,jmp,330.612546125,71.0,665.771783603,3596.0,1.0
68,jnb,36.2915129151,2.0,80.1365494474,451.0,0.0
69,jno,0.0516605166052,0.0,0.22175021623,1.0,0.0
70,jnz,383.553505535,67.0,913.133171445,5037.0,0.0
71,jo,0.00369003690037,0.0,0.0607456739231,1.0,0.0
72,jz,539.151291513,72.0,1322.02546453,7239.0,0.0
73,lea,563.811808118,183.0,973.291048172,6574.0,0.0
74,loope,0.0258302583026,0.0,0.158922158815,1.0,0.0
75,mov,3581.60147601,563.0,8587.8395828,47452.0,8.0
76,movzx,51.4870848708,0.0,137.927244707,1019.0,0.0
77,mul,9.39114391144,0.0,31.9842865787,194.0,0.0
78,near,197.018450185,40.0,422.108450641,2607.0,0.0
79,neg,16.5645756458,2.0,43.0685336681,220.0,0.0
80,not,35.1992619926,13.0,50.2368184241,314.0,0.0
81,or,167.066420664,35.0,402.662770421,2093.0,0.0
82,out,0.0332103321033,0.0,0.199082218369,2.0,0.0
83,outs,0.0,0.0,0.0,0.0,0.0
84,pop,756.904059041,195.0,1950.52445132,11324.0,1.0
85,popf,0.335793357934,0.0,1.66715859899,12.0,0.0
86,proc,0.0,0.0,0.0,0.0,0.0
87,push,2681.05535055,735.0,6381.74438366,36464.0,1.0
88,pushf,0.575645756458,0.0,2.18089283619,14.0,0.0
89,rcl,0.0184501845018,0.0,0.134821542919,1.0,0.0
90,rcr,0.686346863469,0.0,2.05511059754,12.0,0.0
91,rdtsc,0.0922509225092,0.0,0.388223527333,2.0,0.0
92,rep,64.9667896679,28.0,107.955627049,623.0,0.0
93,ret,0.0,0.0,0.0,0.0,0.0
94,retn,301.464944649,46.0,836.735737337,4753.0,0.0
95,rol,18.7859778598,0.0,85.7100967888,489.0,0.0
96,ror,5.29151291513,0.0,25.0682010819,175.0,0.0
97,sal,0.0627306273063,0.0,0.412461353232,5.0,0.0
98,sar,22.7490774908,6.0,46.939872385,288.0,0.0
99,sbb,27.3726937269,2.0,73.8719452068,396.0,0.0
100,scas,0.0,0.0,0.0,0.0,0.0
101,setb,0.0332103321033,0.0,0.23334211897,2.0,0.0
102,setle,0.357933579336,0.0,1.62876963654,9.0,0.0
103,setnle,2.86346863469,0.0,18.8924782543,156.0,0.0
104,setnz,1.9889298893,0.0,4.74262264906,47.0,0.0
105,setz,2.57195571956,0.0,6.18730685848,43.0,0.0
106,shl,60.2767527675,13.0,149.853215138,840.0,0.0
107,shld,0.0885608856089,0.0,0.393815799889,2.0,0.0
108,shr,115.531365314,24.0,306.466634541,1824.0,0.0
109,sidt,0.0,0.0,0.0,0.0,0.0
110,stc,0.0258302583026,0.0,0.425219717462,7.0,0.0
111,std,1.78228782288,0.0,3.42115151805,9.0,0.0
112,sti,0.0258302583026,0.0,0.180730904856,2.0,0.0
113,stos,0.0,0.0,0.0,0.0,0.0
114,sub,159.317343173,42.0,292.090502898,1558.0,5.0
115,test,520.531365314,69.0,1600.1129468,9037.0,2.0
116,wait,0.118081180812,0.0,0.694479293919,5.0,0.0
117,xchg,0.361623616236,0.0,0.997331412671,5.0,0.0
118,xor,435.431734317,66.0,1137.19530309,6041.0,3.0
119,Characteristics,1389.73800738,271.0,2816.96532171,8462.0,258.0
120,Time/Date,0.0,0.0,0.0,0.0,0.0
121,Magic,267.0,267.0,0.0,267.0,267.0
122,MajorLinkerVersion,6.42066420664,6.0,1.49324935335,16.0,2.0
123,MinorLinkerVersion,0.317343173432,0.0,5.22412795738,86.0,0.0
124,SizeOfCode,49926.6125461,11264.0,105173.757194,572928.0,0.0
125,SizeOfInitializedData,216925.520295,18944.0,777815.316302,4012032.0,1536.0
126,SizeOfUninitializedData,134.140221402,0.0,2208.22673845,36352.0,0.0
127,AddressOfEntryPoint,27045.9225092,13292.0,49986.7996117,688128.0,2400.0
128,BaseOfCode,4073.32841328,4096.0,263.41822662,4096.0,1024.0
129,BaseOfData,54782.1107011,16384.0,105104.689414,577536.0,1024.0
130,ImageBase,58286896.1771,4194304.0,213574963.226,1895825408.0,4194304.0
131,SectionAlignment,4069.5498155,4096.0,307.32126439,4096.0,512.0
132,FileAlignment,921.977859779,512.0,1142.84660172,4096.0,512.0
133,MajorOSystemVersion,4.10332103321,4.0,0.304940862938,5.0,4.0
134,MinorOSystemVersion,0.0147601476015,0.0,0.120814510558,1.0,0.0
135,MajorImageVersion,0.00369003690037,0.0,0.0607456739231,1.0,0.0
136,MinorImageVersion,0.0,0.0,0.0,0.0,0.0
137,MajorSubsystemVersion,4.09963099631,4.0,0.300061494312,5.0,4.0
138,MinorSubsystemVersion,0.0147601476015,0.0,0.120814510558,1.0,0.0
139,Win32Version,0.0,0.0,0.0,0.0,0.0
140,SizeOfImage,282788.369004,49152.0,781464.601577,4034560.0,16384.0
141,SizeOfHeaders,1375.4095941,1024.0,979.582801475,4096.0,1024.0
142,CheckSum,22269.302583,0.0,81792.3698943,684207.0,0.0
143,Subsystem,2.0405904059,2.0,0.1977044702,3.0,2.0
144,DllCharacteristics,3200.0,0.0,9834.17921183,34048.0,0.0
145,SizeOfStackReserve,1296210.1845,1048576.0,1500498.87478,10485760.0,1048576.0
146,SizeOfStackCommit,274870.317343,4096.0,1665763.77647,10485760.0,4096.0
147,SizeOfHeapReserve,1048576.0,1048576.0,0.0,1048576.0,1048576.0
148,SizeOfHeapCommit,4096.0,4096.0,0.0,4096.0,4096.0
149,LoaderFlags,0.0,0.0,0.0,0.0,0.0
150,NumberOfRvaAndSizes,1.94833948339,0.0,5.24202277637,16.0,0.0
151,.CRT,0.0332103321033,0.0,0.179516913585,1.0,0.0
152,.bss,0.00369003690037,0.0,0.0607456739231,1.0,0.0
153,.data,1.0221402214,1.0,0.209648371147,3.0,1.0
154,.idata,1.0442804428,1.0,0.362443531675,4.0,1.0
155,.pdata,1.0,1.0,0.0,1.0,1.0
156,.rdata,3.18819188192,3.0,0.841960265672,5.0,0.0
157,.reloc,1.39852398524,1.0,0.800368918627,3.0,1.0
158,.rsrc,1.57933579336,2.0,0.494579059488,2.0,1.0
159,.text,0.988929889299,1.0,0.104824185573,1.0,0.0
160,.upx,0.0110701107011,0.0,0.182237021769,3.0,0.0
161,<none>,3.9741697417,0.0,7.93184374162,102.0,0.0
162,0basic_fstreamDUchar_traitsDstds,0.0,0.0,0.0,0.0,0.0
163,0basic_fstreamDUchar_traitsDstds.1,0.0,0.0,0.0,0.0,0.0
164,0basic_iostreamDUchar_traitsDstd,0.0,0.0,0.0,0.0,0.0
165,0basic_streambufDUchar_traitsDst,0.0,0.0,0.0,0.0,0.0
166,0basic_stringDUchar_traitsDstdVa,0.0,0.0,0.0,0.0,0.0
167,0basic_stringDUchar_traitsDstdVa.1,0.0,0.0,0.0,0.0,0.0
168,0Initios_basestdQAEXZ,0.0,0.0,0.0,0.0,0.0
169,0_LockitstdQAEXZ,0.0,0.0,0.0,0.0,0.0
170,0_WinitstdQAEXZ,0.0,0.0,0.0,0.0,0.0
171,0exceptionQAEABQBDZ,0.0,0.0,0.0,0.0,0.0
172,0exceptionQAEABV0Z,0.0,0.0,0.0,0.0,0.0
173,0ios_basestdIAEXZ,0.0,0.0,0.0,0.0,0.0
174,0localestdQAEXZ,0.0,0.0,0.0,0.0,0.0
175,1basic_filebufDUchar_traitsDstds,0.0,0.0,0.0,0.0,0.0
176,1basic_fstreamDUchar_traitsDstds,0.0,0.0,0.0,0.0,0.0
177,1basic_iosDUchar_traitsDstdstdUA,0.0,0.0,0.0,0.0,0.0
178,1basic_iostreamDUchar_traitsDstd,0.0,0.0,0.0,0.0,0.0
179,1basic_streambufDUchar_traitsDst,0.0,0.0,0.0,0.0,0.0
180,1basic_stringDUchar_traitsDstdVa,0.0,0.0,0.0,0.0,0.0
181,1Initios_basestdQAEXZ,0.0,0.0,0.0,0.0,0.0
182,1_LockitstdQAEXZ,0.0,0.0,0.0,0.0,0.0
183,1_WinitstdQAEXZ,0.0,0.0,0.0,0.0,0.0
184,1exceptionUAEXZ,0.0,0.0,0.0,0.0,0.0
185,1ios_basestdUAEXZ,0.0,0.0,0.0,0.0,0.0
186,1localestdQAEXZ,0.0,0.0,0.0,0.0,0.0
187,1type_infoUAEXZ,0.0,0.0,0.0,0.0,0.0
188,2YAPAXIZ,0.0,0.0,0.0,0.0,0.0
189,3YAXPAXZ,0.0,0.0,0.0,0.0,0.0
190,6basic_ostreamDUchar_traitsDstds,0.0,0.0,0.0,0.0,0.0
191,6stdYAAAVbasic_ostreamDUchar_tra,0.0,0.0,0.0,0.0,0.0
192,7ios_basestdQBE_NXZ,0.0,0.0,0.0,0.0,0.0
193,8stdYA_NABVbasic_stringDUchar_tr,0.0,0.0,0.0,0.0,0.0
194,8stdYA_NABVbasic_stringDUchar_tr.1,0.0,0.0,0.0,0.0,0.0
195,9stdYA_NABVbasic_stringDUchar_tr,0.0,0.0,0.0,0.0,0.0
196,HstdYAAVbasic_stringDUchar_trait,0.0,0.0,0.0,0.0,0.0
197,HstdYAAVbasic_stringDUchar_trait.1,0.0,0.0,0.0,0.0,0.0
198,MstdYA_NABVbasic_stringDUchar_tr,0.0,0.0,0.0,0.0,0.0
199,_7basic_filebufDUchar_traitsDstd,0.0,0.0,0.0,0.0,0.0
200,_7basic_fstreamDUchar_traitsDstd,0.0,0.0,0.0,0.0,0.0
201,_7basic_iosDUchar_traitsDstdstd6,0.0,0.0,0.0,0.0,0.0
202,_8basic_fstreamDUchar_traitsDstd,0.0,0.0,0.0,0.0,0.0
203,_8basic_fstreamDUchar_traitsDstd.1,0.0,0.0,0.0,0.0,0.0
204,_Dbasic_fstreamDUchar_traitsDstd,0.0,0.0,0.0,0.0,0.0
205,_UYAPAXIZ,0.0,0.0,0.0,0.0,0.0
206,_VYAXPAXZ,0.0,0.0,0.0,0.0,0.0
207,_C1_Nullstrbasic_stringDUchar_tr,0.0,0.0,0.0,0.0,0.0
208,_Copybasic_stringDUchar_traitsDs,0.0,0.0,0.0,0.0,0.0
209,_Eosbasic_stringDUchar_traitsDst,0.0,0.0,0.0,0.0,0.0
210,_Fpzstd3_JB,0.0,0.0,0.0,0.0,0.0
211,_Freezebasic_stringDUchar_traits,0.0,0.0,0.0,0.0,0.0
212,_Growbasic_stringDUchar_traitsDs,0.0,0.0,0.0,0.0,0.0
213,_Initbasic_filebufDUchar_traitsD,0.0,0.0,0.0,0.0,0.0
214,_Initcvtbasic_filebufDUchar_trai,0.0,0.0,0.0,0.0,0.0
215,_Splitbasic_stringDUchar_traitsD,0.0,0.0,0.0,0.0,0.0
216,_Tidybasic_stringDUchar_traitsDs,0.0,0.0,0.0,0.0,0.0
217,_XlenstdYAXXZ,0.0,0.0,0.0,0.0,0.0
218,_XranstdYAXXZ,0.0,0.0,0.0,0.0,0.0
219,__FiopenstdYAPAU_iobufPBDHZ,0.0,0.0,0.0,0.0,0.0
220,_type_info_dtor_internal_methodt,0.0,0.0,0.0,0.0,0.0
221,appendbasic_stringDUchar_traitsD,0.0,0.0,0.0,0.0,0.0
222,appendbasic_stringDUchar_traitsD.1,0.0,0.0,0.0,0.0,0.0
223,appendbasic_stringDUchar_traitsD.2,0.0,0.0,0.0,0.0,0.0
224,assignbasic_stringDUchar_traitsD,0.0,0.0,0.0,0.0,0.0
225,assignbasic_stringDUchar_traitsD.1,0.0,0.0,0.0,0.0,0.0
226,c_strbasic_stringDUchar_traitsDs,0.0,0.0,0.0,0.0,0.0
227,clearbasic_iosDUchar_traitsDstds,0.0,0.0,0.0,0.0,0.0
228,clearios_basestdQAEXH_NZ,0.0,0.0,0.0,0.0,0.0
229,closebasic_filebufDUchar_traitsD,0.0,0.0,0.0,0.0,0.0
230,closebasic_fstreamDUchar_traitsD,0.0,0.0,0.0,0.0,0.0
231,coutstd3Vbasic_ostreamDUchar_tra,0.0,0.0,0.0,0.0,0.0
232,endlstdYAAAVbasic_ostreamDUchar_,0.0,0.0,0.0,0.0,0.0
233,erasebasic_stringDUchar_traitsDs,0.0,0.0,0.0,0.0,0.0
234,gcountbasic_istreamDUchar_traits,0.0,0.0,0.0,0.0,0.0
235,insertbasic_stringDUchar_traitsD,0.0,0.0,0.0,0.0,0.0
236,is_openbasic_fstreamDUchar_trait,0.0,0.0,0.0,0.0,0.0
237,max_sizebasic_stringDUchar_trait,0.0,0.0,0.0,0.0,0.0
238,nposbasic_stringDUchar_traitsDst,0.0,0.0,0.0,0.0,0.0
239,openbasic_filebufDUchar_traitsDs,0.0,0.0,0.0,0.0,0.0
240,openbasic_fstreamDUchar_traitsDs,0.0,0.0,0.0,0.0,0.0
241,readbasic_istreamDUchar_traitsDs,0.0,0.0,0.0,0.0,0.0
242,seekgbasic_istreamDUchar_traitsD,0.0,0.0,0.0,0.0,0.0
243,seekpbasic_ostreamDUchar_traitsD,0.0,0.0,0.0,0.0,0.0
244,setstatebasic_iosDUchar_traitsDs,0.0,0.0,0.0,0.0,0.0
245,tellpbasic_ostreamDUchar_traitsD,0.0,0.0,0.0,0.0,0.0
246,terminateYAXXZ,0.0,0.0,0.0,0.0,0.0
247,writebasic_ostreamDUchar_traitsD,0.0,0.0,0.0,0.0,0.0
248,ADVAPI32,0.678966789668,1.0,0.467737306382,1.0,0.0
249,AcquireCredentialsHandleA,0.00369003690037,0.0,0.0607456739231,1.0,0.0
250,AdjustTokenPrivileges,0.225092250923,0.0,0.418415762989,1.0,0.0
251,AllocConsole,0.0959409594096,0.0,0.295055142714,1.0,0.0
252,AllocateAndInitializeSid,0.00369003690037,0.0,0.0607456739231,1.0,0.0
253,AssignProcessToJobObject,0.00369003690037,0.0,0.0607456739231,1.0,0.0
254,AttachConsole,0.0516605166052,0.0,0.22175021623,1.0,0.0
255,BeginPaint,0.00738007380074,0.0,0.0857481206445,1.0,0.0
256,BitBlt,0.0405904059041,0.0,0.1977044702,1.0,0.0
257,BuildExplicitAccessWithNameA,0.00369003690037,0.0,0.0607456739231,1.0,0.0
258,BuildSecurityDescriptorW,0.00369003690037,0.0,0.0607456739231,1.0,0.0
259,CLSIDFromString,0.0332103321033,0.0,0.179516913585,1.0,0.0
260,COMCTL32,0.0332103321033,0.0,0.179516913585,1.0,0.0
261,COMDLG32,0.0110701107011,0.0,0.104824185573,1.0,0.0
262,CRYPT32,0.0405904059041,0.0,0.1977044702,1.0,0.0
263,CertAddCertificateContextToStore,0.00369003690037,0.0,0.0607456739231,1.0,0.0
264,CertCloseStore,0.0110701107011,0.0,0.104824185573,1.0,0.0
265,CertEnumCertificatesInStore,0.00369003690037,0.0,0.0607456739231,1.0,0.0
266,CertEnumSystemStore,0.00369003690037,0.0,0.0607456739231,1.0,0.0
267,CertFindCertificateInStore,0.00738007380074,0.0,0.0857481206445,1.0,0.0
268,CertFreeCertificateChain,0.0258302583026,0.0,0.158922158815,1.0,0.0
269,CertFreeCertificateContext,0.0332103321033,0.0,0.179516913585,1.0,0.0
270,CertGetCertificateChain,0.0258302583026,0.0,0.158922158815,1.0,0.0
271,CertGetCertificateContextPropert,0.00369003690037,0.0,0.0607456739231,1.0,0.0
272,CertGetNameStringW,0.00369003690037,0.0,0.0607456739231,1.0,0.0
273,CertNameToStrA,0.00369003690037,0.0,0.0607456739231,1.0,0.0
274,CertOpenStore,0.00369003690037,0.0,0.0607456739231,1.0,0.0
275,CertOpenSystemStoreA,0.00738007380074,0.0,0.0857481206445,1.0,0.0
276,CertVerifyCertificateChainPolicy,0.0258302583026,0.0,0.158922158815,1.0,0.0
277,ChangeServiceConfig2A,0.0479704797048,0.0,0.214099178851,1.0,0.0
278,ChangeServiceConfigA,0.029520295203,0.0,0.169572858135,1.0,0.0
279,CharLowerA,0.0147601476015,0.0,0.120814510558,1.0,0.0
280,CharToOemA,0.0332103321033,0.0,0.179516913585,1.0,0.0
281,CharToOemBuffA,0.0332103321033,0.0,0.179516913585,1.0,0.0
282,CharToOemBuffW,0.0110701107011,0.0,0.104824185573,1.0,0.0
283,CharUpperA,0.0332103321033,0.0,0.179516913585,1.0,0.0
284,CharUpperW,0.0184501845018,0.0,0.134821542919,1.0,0.0
285,CloseDesktop,0.029520295203,0.0,0.169572858135,1.0,0.0
286,CloseHandle,1.48708487085,2.0,0.563404982452,2.0,0.0
287,CloseServiceHandle,0.247232472325,0.0,0.432201189238,1.0,0.0
288,CloseWindowStation,0.0184501845018,0.0,0.134821542919,1.0,0.0
289,CmUnRegisterCallback,0.0,0.0,0.0,0.0,0.0
290,CoCreateInstance,0.0442804428044,0.0,0.206098095004,1.0,0.0
291,CoInitialize,0.0110701107011,0.0,0.104824185573,1.0,0.0
292,CodeView,0.0,0.0,0.0,0.0,0.0
293,CommDlgExtendedError,0.0110701107011,0.0,0.104824185573,1.0,0.0
294,CompareFileTime,0.029520295203,0.0,0.169572858135,1.0,0.0
295,CompareStringA,0.107011070111,0.0,0.309699250569,1.0,0.0
296,CompareStringW,0.0959409594096,0.0,0.295055142714,1.0,0.0
297,ConnectNamedPipe,0.029520295203,0.0,0.169572858135,1.0,0.0
298,ContinueDebugEvent,0.00738007380074,0.0,0.0857481206445,1.0,0.0
299,ControlService,0.184501845018,0.0,0.388610572229,1.0,0.0
300,ConvertSidToStringSidW,0.00369003690037,0.0,0.0607456739231,1.0,0.0
301,CopyFileA,0.372693726937,0.0,0.484416157097,1.0,0.0
302,CopyFileW,0.0332103321033,0.0,0.179516913585,1.0,0.0
303,CopyRect,0.0332103321033,0.0,0.179516913585,1.0,0.0
304,CreateCompatibleBitmap,0.0664206642066,0.0,0.249476697081,1.0,0.0
305,CreateCompatibleDC,0.0664206642066,0.0,0.249476697081,1.0,0.0
306,CreateDCA,0.0369003690037,0.0,0.188865975505,1.0,0.0
307,CreateDirectoryA,0.136531365314,0.0,0.343987184749,1.0,0.0
308,CreateDirectoryW,0.0332103321033,0.0,0.179516913585,1.0,0.0
309,CreateEventA,0.19926199262,0.0,0.400184459313,1.0,0.0
310,CreateFileA,0.568265682657,1.0,0.496234281851,1.0,0.0
311,CreateFileMappingA,0.0405904059041,0.0,0.1977044702,1.0,0.0
312,CreateFileMappingW,0.0184501845018,0.0,0.134821542919,1.0,0.0
313,CreateFileW,0.0922509225092,0.0,0.289915229866,1.0,0.0
314,CreateJobObjectW,0.00369003690037,0.0,0.0607456739231,1.0,0.0
315,CreateMutexA,0.180811808118,0.0,0.385574229786,1.0,0.0
316,CreateNamedPipeA,0.0258302583026,0.0,0.158922158815,1.0,0.0
317,CreateNamedPipeW,0.00369003690037,0.0,0.0607456739231,1.0,0.0
318,CreatePipe,0.616236162362,1.0,0.487201231851,1.0,0.0
319,CreateProcessA,0.926199261993,1.0,0.651277904044,2.0,0.0
320,CreateProcessAsUserA,0.0,0.0,0.0,0.0,0.0
321,CreateProcessW,0.070110701107,0.0,0.269896390813,2.0,0.0
322,CreateProcessWithLogonW,0.0,0.0,0.0,0.0,0.0
323,CreateRemoteThread,0.0332103321033,0.0,0.179516913585,1.0,0.0
324,CreateServiceA,0.107011070111,0.0,0.309699250569,1.0,0.0
325,CreateServiceW,0.00369003690037,0.0,0.0607456739231,1.0,0.0
326,CreateStreamOnHGlobal,0.0332103321033,0.0,0.179516913585,1.0,0.0
327,CreateThread,0.586715867159,1.0,0.493333998204,1.0,0.0
328,CreateToolhelp32Snapshot,0.243542435424,0.0,0.430013777824,1.0,0.0
329,CreateWaitableTimerA,0.00369003690037,0.0,0.0607456739231,1.0,0.0
330,CreateWindowExA,0.0516605166052,0.0,0.22175021623,1.0,0.0
331,CreateWindowExW,0.0184501845018,0.0,0.134821542919,1.0,0.0
332,CredEnumerateW,0.00369003690037,0.0,0.0607456739231,1.0,0.0
333,CredFree,0.00369003690037,0.0,0.0607456739231,1.0,0.0
334,CryptAcquireCertificatePrivateKe,0.00369003690037,0.0,0.0607456739231,1.0,0.0
335,CryptAcquireContextA,0.0442804428044,0.0,0.206098095004,1.0,0.0
336,CryptAcquireContextW,0.00369003690037,0.0,0.0607456739231,1.0,0.0
337,CryptBinaryToStringA,0.00369003690037,0.0,0.0607456739231,1.0,0.0
338,CryptCreateHash,0.0442804428044,0.0,0.206098095004,1.0,0.0
339,CryptDecrypt,0.0405904059041,0.0,0.1977044702,1.0,0.0
340,CryptDeriveKey,0.0405904059041,0.0,0.1977044702,1.0,0.0
341,CryptDestroyHash,0.0442804428044,0.0,0.206098095004,1.0,0.0
342,CryptDestroyKey,0.0147601476015,0.0,0.120814510558,1.0,0.0
343,CryptDuplicateKey,0.00369003690037,0.0,0.0607456739231,1.0,0.0
344,CryptEncrypt,0.0442804428044,0.0,0.206098095004,1.0,0.0
345,CryptEnumProvidersW,0.00369003690037,0.0,0.0607456739231,1.0,0.0
346,CryptExportKey,0.00369003690037,0.0,0.0607456739231,1.0,0.0
347,CryptGenRandom,0.00369003690037,0.0,0.0607456739231,1.0,0.0
348,CryptGetHashParam,0.00369003690037,0.0,0.0607456739231,1.0,0.0
349,CryptGetKeyParam,0.00369003690037,0.0,0.0607456739231,1.0,0.0
350,CryptGetProvParam,0.00369003690037,0.0,0.0607456739231,1.0,0.0
351,CryptGetUserKey,0.00369003690037,0.0,0.0607456739231,1.0,0.0
352,CryptHashData,0.0442804428044,0.0,0.206098095004,1.0,0.0
353,CryptImportKey,0.00369003690037,0.0,0.0607456739231,1.0,0.0
354,CryptReleaseContext,0.0147601476015,0.0,0.120814510558,1.0,0.0
355,CryptSetHashParam,0.00369003690037,0.0,0.0607456739231,1.0,0.0
356,CryptSetKeyParam,0.00369003690037,0.0,0.0607456739231,1.0,0.0
357,CryptStringToBinaryA,0.00369003690037,0.0,0.0607456739231,1.0,0.0
358,DNSAPI,0.00369003690037,0.0,0.0607456739231,1.0,0.0
359,DbgPrint,0.0,0.0,0.0,0.0,0.0
360,DebugActiveProcess,0.00738007380074,0.0,0.0857481206445,1.0,0.0
361,DebugBreak,0.00738007380074,0.0,0.0857481206445,1.0,0.0
362,DebugSetProcessKillOnExit,0.00738007380074,0.0,0.0857481206445,1.0,0.0
363,DecodePointer,0.0147601476015,0.0,0.120814510558,1.0,0.0
364,DecryptMessage,0.00369003690037,0.0,0.0607456739231,1.0,0.0
365,DefWindowProcA,0.0479704797048,0.0,0.214099178851,1.0,0.0
366,DefWindowProcW,0.0184501845018,0.0,0.134821542919,1.0,0.0
367,DeleteCriticalSection,0.151291512915,0.0,0.358995759649,1.0,0.0
368,DeleteDC,0.0627306273063,0.0,0.242926443186,1.0,0.0
369,DeleteFileA,0.332103321033,0.0,0.471839195407,1.0,0.0
370,DeleteFileW,0.0332103321033,0.0,0.179516913585,1.0,0.0
371,DeleteObject,0.0627306273063,0.0,0.242926443186,1.0,0.0
372,DeleteSecurityContext,0.00369003690037,0.0,0.0607456739231,1.0,0.0
373,DeleteService,0.0774907749077,0.0,0.267863244039,1.0,0.0
374,DeleteUrlCacheEntry,0.0479704797048,0.0,0.214099178851,1.0,0.0
375,DeregisterEventSource,0.0479704797048,0.0,0.214099178851,1.0,0.0
376,DestroyIcon,0.0332103321033,0.0,0.179516913585,1.0,0.0
377,DestroyWindow,0.0405904059041,0.0,0.1977044702,1.0,0.0
378,DeviceIoControl,0.00738007380074,0.0,0.0857481206445,1.0,0.0
379,DialogBoxParamA,0.0147601476015,0.0,0.120814510558,1.0,0.0
380,DialogBoxParamW,0.0184501845018,0.0,0.134821542919,1.0,0.0
381,DisconnectNamedPipe,0.162361623616,0.0,0.369464520228,1.0,0.0
382,DispatchMessageA,0.0516605166052,0.0,0.22175021623,1.0,0.0
383,DispatchMessageW,0.0184501845018,0.0,0.134821542919,1.0,0.0
384,DnsFree,0.00369003690037,0.0,0.0607456739231,1.0,0.0
385,DnsQuery_A,0.00369003690037,0.0,0.0607456739231,1.0,0.0
386,DosDateTimeToFileTime,0.0332103321033,0.0,0.179516913585,1.0,0.0
387,DrawIcon,0.00369003690037,0.0,0.0607456739231,1.0,0.0
388,DuplicateHandle,0.132841328413,0.0,0.340031110652,1.0,0.0
389,DuplicateTokenEx,0.00369003690037,0.0,0.0607456739231,1.0,0.0
390,EnableWindow,0.0369003690037,0.0,0.188865975505,1.0,0.0
391,EncodePointer,0.0147601476015,0.0,0.120814510558,1.0,0.0
392,EncryptMessage,0.00369003690037,0.0,0.0607456739231,1.0,0.0
393,EndDialog,0.0332103321033,0.0,0.179516913585,1.0,0.0
394,EndPaint,0.00738007380074,0.0,0.0857481206445,1.0,0.0
395,EnterCriticalSection,0.125461254613,0.0,0.331854036093,1.0,0.0
396,EnumProcessModules,0.0442804428044,0.0,0.206098095004,1.0,0.0
397,EnumProcesses,0.0258302583026,0.0,0.158922158815,1.0,0.0
398,EnumServicesStatusExA,0.147601476015,0.0,0.355360750242,1.0,0.0
399,EnumServicesStatusExW,0.00369003690037,0.0,0.0607456739231,1.0,0.0
400,EnumSystemLocalesA,0.0147601476015,0.0,0.120814510558,1.0,0.0
401,EnumWindows,0.00369003690037,0.0,0.0607456739231,1.0,0.0
402,ExAllocatePoolWithQuotaTag,0.0,0.0,0.0,0.0,0.0
403,ExAllocatePoolWithTag,0.0,0.0,0.0,0.0,0.0
404,ExFreePoolWithTag,0.0,0.0,0.0,0.0,0.0
405,ExitProcess,0.335793357934,0.0,0.473140823247,1.0,0.0
406,ExitThread,0.210332103321,0.0,0.408298502418,1.0,0.0
407,ExitWindowsEx,0.029520295203,0.0,0.169572858135,1.0,0.0
408,ExpandEnvironmentStringsA,0.206642066421,0.0,0.405645549895,1.0,0.0
409,ExpandEnvironmentStringsW,0.0221402214022,0.0,0.147411727153,1.0,0.0
410,FLTMGR,0.0,0.0,0.0,0.0,0.0
411,FileTimeToLocalFileTime,0.0479704797048,0.0,0.214099178851,1.0,0.0
412,FileTimeToSystemTime,0.070110701107,0.0,0.25580589197,1.0,0.0
413,FillConsoleOutputCharacterW,0.00369003690037,0.0,0.0607456739231,1.0,0.0
414,FindClose,0.0664206642066,0.0,0.249476697081,1.0,0.0
415,FindFirstFileA,0.0922509225092,0.0,0.289915229866,1.0,0.0
416,FindFirstFileW,0.0442804428044,0.0,0.206098095004,1.0,0.0
417,FindFirstVolumeA,0.0221402214022,0.0,0.147411727153,1.0,0.0
418,FindNextFileA,0.0848708487085,0.0,0.279205025422,1.0,0.0
419,FindNextFileW,0.0516605166052,0.0,0.22175021623,1.0,0.0
420,FindResourceA,0.0516605166052,0.0,0.22175021623,1.0,0.0
421,FindResourceExA,0.00369003690037,0.0,0.0607456739231,1.0,0.0
422,FindResourceW,0.0184501845018,0.0,0.134821542919,1.0,0.0
423,FindVolumeClose,0.0184501845018,0.0,0.134821542919,1.0,0.0
424,FindWindowExA,0.0553505535055,0.0,0.229086282447,1.0,0.0
425,FindWindowExW,0.0184501845018,0.0,0.134821542919,1.0,0.0
426,FlsAlloc,0.0,0.0,0.0,0.0,0.0
427,FlsFree,0.0,0.0,0.0,0.0,0.0
428,FlsGetValue,0.0,0.0,0.0,0.0,0.0
429,FlsSetValue,0.0,0.0,0.0,0.0,0.0
430,FltEnumerateFilters,0.0,0.0,0.0,0.0,0.0
431,FltEnumerateInstances,0.0,0.0,0.0,0.0,0.0
432,FltGetFilterInformation,0.0,0.0,0.0,0.0,0.0
433,FltGetVolumeFromInstance,0.0,0.0,0.0,0.0,0.0
434,FltObjectDereference,0.0,0.0,0.0,0.0,0.0
435,FlushConsoleInputBuffer,0.0442804428044,0.0,0.206098095004,1.0,0.0
436,FlushFileBuffers,0.221402214022,0.0,0.415958808318,1.0,0.0
437,FormatMessageA,0.0184501845018,0.0,0.134821542919,1.0,0.0
438,FormatMessageW,0.00369003690037,0.0,0.0607456739231,1.0,0.0
439,FreeConsole,0.0664206642066,0.0,0.249476697081,1.0,0.0
440,FreeContextBuffer,0.00369003690037,0.0,0.0607456739231,1.0,0.0
441,FreeCredentialsHandle,0.00369003690037,0.0,0.0607456739231,1.0,0.0
442,FreeEnvironmentStringsA,0.20295202952,0.0,0.40294121608,1.0,0.0
443,FreeEnvironmentStringsW,0.217712177122,0.0,0.413454200741,1.0,0.0
444,FreeLibrary,0.261992619926,0.0,0.440532186512,1.0,0.0
445,FreeLibraryAndExitThread,0.0,0.0,0.0,0.0,0.0
446,FreeResource,0.00738007380074,0.0,0.0857481206445,1.0,0.0
447,FreeSid,0.00369003690037,0.0,0.0607456739231,1.0,0.0
448,GDI32,0.0738007380074,0.0,0.261930053144,1.0,0.0
449,GenerateConsoleCtrlEvent,0.00369003690037,0.0,0.0607456739231,1.0,0.0
450,GetACP,0.217712177122,0.0,0.413454200741,1.0,0.0
451,GetAdaptersInfo,0.00738007380074,0.0,0.0857481206445,1.0,0.0
452,GetCPInfo,0.250922509225,0.0,0.434346121466,1.0,0.0
453,GetClassNameA,0.0147601476015,0.0,0.120814510558,1.0,0.0
454,GetClassNameW,0.0184501845018,0.0,0.134821542919,1.0,0.0
455,GetClientRect,0.0369003690037,0.0,0.188865975505,1.0,0.0
456,GetCommandLineA,0.243542435424,0.0,0.430013777824,1.0,0.0
457,GetCommandLineW,0.0221402214022,0.0,0.147411727153,1.0,0.0
458,GetComputerNameA,0.361623616236,0.0,0.481359516096,1.0,0.0
459,GetComputerNameExW,0.00369003690037,0.0,0.0607456739231,1.0,0.0
460,GetComputerNameW,0.0184501845018,0.0,0.134821542919,1.0,0.0
461,GetConsoleCP,0.0738007380074,0.0,0.261930053144,1.0,0.0
462,GetConsoleDisplayMode,0.110701107011,0.0,0.314342151341,1.0,0.0
463,GetConsoleMode,0.0738007380074,0.0,0.261930053144,1.0,0.0
464,GetConsoleOutputCP,0.0590405904059,0.0,0.236136734977,1.0,0.0
465,GetConsoleScreenBufferInfo,0.00369003690037,0.0,0.0607456739231,1.0,0.0
466,GetCurrentDirectoryA,0.188191881919,0.0,0.391588474569,1.0,0.0
467,GetCurrentDirectoryW,0.0221402214022,0.0,0.147411727153,1.0,0.0
468,GetCurrentProcess,0.845018450185,1.0,0.65402110881,2.0,0.0
469,GetCurrentProcessId,0.0,0.0,0.0,0.0,0.0
470,GetCurrentThread,0.380073800738,0.0,0.515868194923,2.0,0.0
471,GetCurrentThreadId,0.0,0.0,0.0,0.0,0.0
472,GetDC,0.0664206642066,0.0,0.249476697081,1.0,0.0
473,GetDIBits,0.0405904059041,0.0,0.1977044702,1.0,0.0
474,GetDateFormatA,0.0147601476015,0.0,0.120814510558,1.0,0.0
475,GetDateFormatW,0.0184501845018,0.0,0.134821542919,1.0,0.0
476,GetDesktopWindow,0.0627306273063,0.0,0.242926443186,1.0,0.0
477,GetDeviceCaps,0.0627306273063,0.0,0.242926443186,1.0,0.0
478,GetDiskFreeSpaceA,0.029520295203,0.0,0.169572858135,1.0,0.0
479,GetDiskFreeSpaceExA,0.0369003690037,0.0,0.188865975505,1.0,0.0
480,GetDiskFreeSpaceExW,0.0184501845018,0.0,0.134821542919,1.0,0.0
481,GetDiskFreeSpaceW,0.0184501845018,0.0,0.134821542919,1.0,0.0
482,GetDlgItem,0.0664206642066,0.0,0.359033827171,2.0,0.0
483,GetDlgItemTextA,0.0,0.0,0.0,0.0,0.0
484,GetDlgItemTextW,0.0,0.0,0.0,0.0,0.0
485,GetDriveTypeA,0.206642066421,0.0,0.405645549895,1.0,0.0
486,GetDriveTypeW,0.0184501845018,0.0,0.134821542919,1.0,0.0
487,GetEnvironmentStrings,0.420664206642,0.0,0.807474986295,2.0,0.0
488,GetEnvironmentStringsW,0.0,0.0,0.0,0.0,0.0
489,GetEnvironmentVariableA,0.321033210332,0.0,0.467737306382,1.0,0.0
490,GetEnvironmentVariableW,0.0369003690037,0.0,0.188865975505,1.0,0.0
491,GetExitCodeProcess,0.236162361624,0.0,0.425508884253,1.0,0.0
492,GetExitCodeThread,0.0738007380074,0.0,0.261930053144,1.0,0.0
493,GetFileAttributesA,0.217712177122,0.0,0.413454200741,1.0,0.0
494,GetFileAttributesExA,0.0369003690037,0.0,0.188865975505,1.0,0.0
495,GetFileAttributesW,0.0332103321033,0.0,0.179516913585,1.0,0.0
496,GetFileInformationByHandle,0.0147601476015,0.0,0.120814510558,1.0,0.0
497,GetFileSize,0.261992619926,0.0,0.440532186512,1.0,0.0
498,GetFileTime,0.00738007380074,0.0,0.0857481206445,1.0,0.0
499,GetFileTitleA,0.00369003690037,0.0,0.0607456739231,1.0,0.0
500,GetFileType,0.291512915129,0.0,0.45529998131,1.0,0.0
501,GetFullPathNameA,0.0442804428044,0.0,0.206098095004,1.0,0.0
502,GetFullPathNameW,0.0184501845018,0.0,0.134821542919,1.0,0.0
503,GetKernelObjectSecurity,0.00369003690037,0.0,0.0607456739231,1.0,0.0
504,GetLastError,0.738007380074,1.0,0.440532186512,1.0,0.0
505,GetLocalTime,0.19926199262,0.0,0.400184459313,1.0,0.0
506,GetLocaleInfoA,0.0885608856089,0.0,0.284634520338,1.0,0.0
507,GetLocaleInfoW,0.0332103321033,0.0,0.179516913585,1.0,0.0
508,GetLogicalDriveStringsA,0.00738007380074,0.0,0.0857481206445,1.0,0.0
509,GetLogicalDrives,0.129151291513,0.0,0.335987790767,1.0,0.0
510,GetLongPathNameA,0.0922509225092,0.0,0.289915229866,1.0,0.0
511,GetMessageA,0.0516605166052,0.0,0.22175021623,1.0,0.0
512,GetMessageW,0.0184501845018,0.0,0.134821542919,1.0,0.0
513,GetModuleBaseNameA,0.0147601476015,0.0,0.120814510558,1.0,0.0
514,GetModuleFileNameA,0.771217712177,1.0,0.420825899406,1.0,0.0
515,GetModuleFileNameExA,0.029520295203,0.0,0.169572858135,1.0,0.0
516,GetModuleFileNameW,0.0774907749077,0.0,0.267863244039,1.0,0.0
517,GetModuleHandleA,0.782287822878,1.0,0.413454200741,1.0,0.0
518,GetModuleHandleW,0.0885608856089,0.0,0.284634520338,1.0,0.0
519,GetModuleInformation,0.00369003690037,0.0,0.0607456739231,1.0,0.0
520,GetNativeSystemInfo,0.00369003690037,0.0,0.0607456739231,1.0,0.0
521,GetNumberFormatA,0.0147601476015,0.0,0.120814510558,1.0,0.0
522,GetNumberFormatW,0.0184501845018,0.0,0.134821542919,1.0,0.0
523,GetOEMCP,0.217712177122,0.0,0.413454200741,1.0,0.0
524,GetObjectA,0.0184501845018,0.0,0.134821542919,1.0,0.0
525,GetObjectW,0.0184501845018,0.0,0.134821542919,1.0,0.0
526,GetOpenFileNameW,0.0110701107011,0.0,0.104824185573,1.0,0.0
527,GetParent,0.0332103321033,0.0,0.179516913585,1.0,0.0
528,GetPrivateProfileStringA,0.0258302583026,0.0,0.158922158815,1.0,0.0
529,GetProcAddress,0.590405904059,1.0,0.492668678956,1.0,0.0
530,GetProcessHeap,0.169741697417,0.0,0.376100271888,1.0,0.0
531,GetProcessId,0.00369003690037,0.0,0.0607456739231,1.0,0.0
532,GetProcessTimes,0.0110701107011,0.0,0.104824185573,1.0,0.0
533,GetProcessWindowStation,0.0479704797048,0.0,0.214099178851,1.0,0.0
534,GetSaveFileNameW,0.0110701107011,0.0,0.104824185573,1.0,0.0
535,GetSecurityDescriptorDacl,0.00369003690037,0.0,0.0607456739231,1.0,0.0
536,GetSecurityInfo,0.00369003690037,0.0,0.0607456739231,1.0,0.0
537,GetShortPathNameA,0.29889298893,0.0,0.458619780778,1.0,0.0
538,GetShortPathNameW,0.0369003690037,0.0,0.188865975505,1.0,0.0
539,GetStartupInfoA,0.852398523985,1.0,0.355360750242,1.0,0.0
540,GetStartupInfoW,0.0147601476015,0.0,0.120814510558,1.0,0.0
541,GetStdHandle,0.328413284133,0.0,0.470504920713,1.0,0.0
542,GetStockObject,0.0369003690037,0.0,0.188865975505,1.0,0.0
543,GetStringTypeA,0.20295202952,0.0,0.40294121608,1.0,0.0
544,GetStringTypeW,0.217712177122,0.0,0.413454200741,1.0,0.0
545,GetSysColor,0.0332103321033,0.0,0.179516913585,1.0,0.0
546,GetSystemDirectoryA,0.468634686347,0.0,0.499938495602,1.0,0.0
547,GetSystemInfo,0.029520295203,0.0,0.169572858135,1.0,0.0
548,GetSystemMetrics,0.0442804428044,0.0,0.206098095004,1.0,0.0
549,GetSystemPowerStatus,0.0405904059041,0.0,0.1977044702,1.0,0.0
550,GetSystemTime,0.243542435424,0.0,0.430013777824,1.0,0.0
551,GetSystemTimeAsFileTime,0.0,0.0,0.0,0.0,0.0
552,GetTempFileNameA,0.0848708487085,0.0,0.279205025422,1.0,0.0
553,GetTempPathA,0.354243542435,0.0,0.479168337876,1.0,0.0
554,GetTempPathW,0.0184501845018,0.0,0.134821542919,1.0,0.0
555,GetThreadContext,0.00738007380074,0.0,0.0857481206445,1.0,0.0
556,GetThreadDesktop,0.029520295203,0.0,0.169572858135,1.0,0.0
557,GetTickCount,0.214022140221,0.0,0.410901068868,1.0,0.0
558,GetTimeFormatA,0.0147601476015,0.0,0.120814510558,1.0,0.0
559,GetTimeFormatW,0.0184501845018,0.0,0.134821542919,1.0,0.0
560,GetTimeZoneInformation,0.0738007380074,0.0,0.261930053144,1.0,0.0
561,GetTokenInformation,0.184501845018,0.0,0.388610572229,1.0,0.0
562,GetUserDefaultLCID,0.0221402214022,0.0,0.147411727153,1.0,0.0
563,GetUserNameA,0.121771217712,0.0,0.327626423523,1.0,0.0
564,GetUserNameExA,0.125461254613,0.0,0.331854036093,1.0,0.0
565,GetUserNameExW,0.00369003690037,0.0,0.0607456739231,1.0,0.0
566,GetUserObjectInformationA,0.029520295203,0.0,0.169572858135,1.0,0.0
567,GetUserObjectInformationW,0.0479704797048,0.0,0.214099178851,1.0,0.0
568,GetUserProfileDirectoryA,0.0590405904059,0.0,0.236136734977,1.0,0.0
569,GetVersion,0.512915129151,0.0,0.676879542454,2.0,0.0
570,GetVersionExA,0.0,0.0,0.0,0.0,0.0
571,GetVersionExW,0.0,0.0,0.0,0.0,0.0
572,GetVolumeInformationA,0.169741697417,0.0,0.376100271888,1.0,0.0
573,GetWindow,0.354243542435,0.0,0.821003496014,4.0,0.0
574,GetWindowLongA,0.0,0.0,0.0,0.0,0.0
575,GetWindowLongW,0.0,0.0,0.0,0.0,0.0
576,GetWindowRect,0.0,0.0,0.0,0.0,0.0
577,GetWindowTextA,0.0,0.0,0.0,0.0,0.0
578,GetWindowTextW,0.0,0.0,0.0,0.0,0.0
579,GetWindowThreadProcessId,0.0,0.0,0.0,0.0,0.0
580,GetWindowsDirectoryA,0.0,0.0,0.0,0.0,0.0
581,GlobalAlloc,0.0442804428044,0.0,0.206098095004,1.0,0.0
582,GlobalFree,0.0811808118081,0.0,0.273617888062,1.0,0.0
583,GlobalLock,0.00738007380074,0.0,0.0857481206445,1.0,0.0
584,GlobalMemoryStatus,0.0664206642066,0.0,0.249476697081,1.0,0.0
585,GlobalUnlock,0.00738007380074,0.0,0.0857481206445,1.0,0.0
586,Heap32ListFirst,0.029520295203,0.0,0.169572858135,1.0,0.0
587,Heap32ListNext,0.029520295203,0.0,0.169572858135,1.0,0.0
588,HeapAlloc,0.309963099631,0.0,0.463333731539,1.0,0.0
589,HeapCreate,0.217712177122,0.0,0.413454200741,1.0,0.0
590,HeapDestroy,0.154981549815,0.0,0.362556636228,1.0,0.0
591,HeapFree,0.287822878229,0.0,0.453585777335,1.0,0.0
592,HeapReAlloc,0.250922509225,0.0,0.434346121466,1.0,0.0
593,HeapSetInformation,0.0110701107011,0.0,0.104824185573,1.0,0.0
594,HeapSize,0.132841328413,0.0,0.340031110652,1.0,0.0
595,HeapValidate,0.00738007380074,0.0,0.0857481206445,1.0,0.0
596,HttpAddRequestHeadersA,0.317343173432,0.0,0.466303378773,1.0,0.0
597,HttpAddRequestHeadersW,0.0332103321033,0.0,0.179516913585,1.0,0.0
598,HttpEndRequestA,0.214022140221,0.0,0.410901068868,1.0,0.0
599,HttpOpenRequestA,0.431734317343,0.0,0.496234281851,1.0,0.0
600,HttpOpenRequestW,0.0332103321033,0.0,0.179516913585,1.0,0.0
601,HttpQueryInfoA,0.236162361624,0.0,0.425508884253,1.0,0.0
602,HttpQueryInfoW,0.0332103321033,0.0,0.179516913585,1.0,0.0
603,HttpSendRequestA,0.405904059041,0.0,0.491974681318,1.0,0.0
604,HttpSendRequestExA,0.180811808118,0.0,0.385574229786,1.0,0.0
605,HttpSendRequestExW,0.0332103321033,0.0,0.179516913585,1.0,0.0
606,INIT,0.0,0.0,0.0,0.0,0.0
607,I_RpcGetBuffer,0.00369003690037,0.0,0.0607456739231,1.0,0.0
608,ImpersonateLoggedOnUser,0.0332103321033,0.0,0.179516913585,1.0,0.0
609,InitCommonControlsEx,0.0184501845018,0.0,0.134821542919,1.0,0.0
610,InitializeCriticalSection,0.177121771218,0.0,0.477253543073,2.0,0.0
611,InitializeCriticalSectionAndSpin,0.0,0.0,0.0,0.0,0.0
612,InitializeSecurityContextA,0.00369003690037,0.0,0.0607456739231,1.0,0.0
613,InstallService,0.0221402214022,0.0,0.147411727153,1.0,0.0
614,InterlockedCompareExchange,0.0258302583026,0.0,0.158922158815,1.0,0.0
615,InterlockedDecrement,0.10332103321,0.0,0.304940862938,1.0,0.0
616,InterlockedExchange,0.029520295203,0.0,0.169572858135,1.0,0.0
617,InterlockedIncrement,0.10332103321,0.0,0.304940862938,1.0,0.0
618,InternetAttemptConnect,0.0664206642066,0.0,0.249476697081,1.0,0.0
619,InternetCloseHandle,0.0,0.0,0.0,0.0,0.0
620,InternetConnectA,0.424354243542,0.0,0.495159016705,1.0,0.0
621,InternetConnectW,0.0332103321033,0.0,0.179516913585,1.0,0.0
622,InternetCrackUrlA,0.0442804428044,0.0,0.206098095004,1.0,0.0
623,InternetCrackUrlW,0.0332103321033,0.0,0.179516913585,1.0,0.0
624,InternetGetConnectedState,0.0590405904059,0.0,0.236136734977,1.0,0.0
625,InternetOpenA,0.527675276753,1.0,0.500157143544,1.0,0.0
626,InternetOpenUrlA,0.225092250923,0.0,0.418415762989,1.0,0.0
627,InternetOpenW,0.0332103321033,0.0,0.179516913585,1.0,0.0
628,InternetQueryDataAvailable,0.09963099631,0.0,0.300061494312,1.0,0.0
629,InternetQueryOptionA,0.239852398524,0.0,0.42778323559,1.0,0.0
630,InternetReadFile,0.468634686347,0.0,0.499938495602,1.0,0.0
631,InternetSetCookieA,0.0479704797048,0.0,0.214099178851,1.0,0.0
632,InternetSetCookieW,0.0332103321033,0.0,0.179516913585,1.0,0.0
633,InternetSetOptionA,0.254612546125,0.0,0.4364492008,1.0,0.0
634,InternetSetOptionExA,0.00738007380074,0.0,0.0857481206445,1.0,0.0
635,InternetSetOptionW,0.0516605166052,0.0,0.22175021623,1.0,0.0
636,InternetWriteFile,0.214022140221,0.0,0.410901068868,1.0,0.0
637,IoCreateDevice,0.0,0.0,0.0,0.0,0.0
638,IoCreateSymbolicLink,0.0,0.0,0.0,0.0,0.0
639,IoDeleteDevice,0.0,0.0,0.0,0.0,0.0
640,IoDeleteSymbolicLink,0.0,0.0,0.0,0.0,0.0
641,IoEnumerateRegisteredFiltersList,0.0,0.0,0.0,0.0,0.0
642,IofCompleteRequest,0.0,0.0,0.0,0.0,0.0
643,IsBadCodePtr,0.0664206642066,0.0,0.249476697081,1.0,0.0
644,IsBadReadPtr,0.0774907749077,0.0,0.267863244039,1.0,0.0
645,IsBadWritePtr,0.0738007380074,0.0,0.261930053144,1.0,0.0
646,IsDBCSLeadByte,0.0332103321033,0.0,0.179516913585,1.0,0.0
647,IsDebuggerPresent,0.09963099631,0.0,0.300061494312,1.0,0.0
648,IsIconic,0.00369003690037,0.0,0.0607456739231,1.0,0.0
649,IsProcessorFeaturePresent,0.0147601476015,0.0,0.120814510558,1.0,0.0
650,IsValidCodePage,0.070110701107,0.0,0.25580589197,1.0,0.0
651,IsValidLocale,0.0147601476015,0.0,0.120814510558,1.0,0.0
652,IsWindow,0.0664206642066,0.0,0.359033827171,2.0,0.0
653,IsWindowVisible,0.0,0.0,0.0,0.0,0.0
654,KERNEL32,0.9963099631,1.0,0.0607456739231,1.0,0.0
655,KeBugCheckEx,0.0,0.0,0.0,0.0,0.0
656,Kernel32,0.00369003690037,0.0,0.0607456739231,1.0,0.0
657,KillTimer,0.00369003690037,0.0,0.0607456739231,1.0,0.0
658,LCMapStringA,0.20295202952,0.0,0.40294121608,1.0,0.0
659,LCMapStringW,0.217712177122,0.0,0.413454200741,1.0,0.0
660,LZ32,0.0184501845018,0.0,0.134821542919,1.0,0.0
661,LZClose,0.0184501845018,0.0,0.134821542919,1.0,0.0
662,LZCopy,0.0184501845018,0.0,0.134821542919,1.0,0.0
663,LZOpenFileA,0.0184501845018,0.0,0.134821542919,1.0,0.0
664,LeaveCriticalSection,0.125461254613,0.0,0.331854036093,1.0,0.0
665,LoadAcceleratorsA,0.00738007380074,0.0,0.0857481206445,1.0,0.0
666,LoadBitmapA,0.0147601476015,0.0,0.120814510558,1.0,0.0
667,LoadBitmapW,0.0184501845018,0.0,0.134821542919,1.0,0.0
668,LoadCursorA,0.0221402214022,0.0,0.147411727153,1.0,0.0
669,LoadCursorW,0.0184501845018,0.0,0.134821542919,1.0,0.0
670,LoadIconA,0.0258302583026,0.0,0.158922158815,1.0,0.0
671,LoadIconW,0.0184501845018,0.0,0.134821542919,1.0,0.0
672,LoadImageA,0.00369003690037,0.0,0.0607456739231,1.0,0.0
673,LoadLibraryA,0.564575645756,1.0,0.49672977302,1.0,0.0
674,LoadLibraryExA,0.00369003690037,0.0,0.0607456739231,1.0,0.0
675,LoadLibraryW,0.0332103321033,0.0,0.179516913585,1.0,0.0
676,LoadResource,0.0405904059041,0.0,0.1977044702,1.0,0.0
677,LoadStringA,0.221402214022,0.0,0.415958808318,1.0,0.0
678,LoadStringW,0.0184501845018,0.0,0.134821542919,1.0,0.0
679,LocalAlloc,0.0738007380074,0.0,0.261930053144,1.0,0.0
680,LocalFileTimeToFileTime,0.0332103321033,0.0,0.179516913585,1.0,0.0
681,LocalFree,0.09963099631,0.0,0.300061494312,1.0,0.0
682,LocalReAlloc,0.00369003690037,0.0,0.0607456739231,1.0,0.0
683,LockResource,0.0258302583026,0.0,0.158922158815,1.0,0.0
684,LockServiceDatabase,0.0369003690037,0.0,0.188865975505,1.0,0.0
685,LogonUserA,0.0479704797048,0.0,0.214099178851,1.0,0.0
686,LookupAccountSidA,0.180811808118,0.0,0.385574229786,1.0,0.0
687,LookupAccountSidW,0.00369003690037,0.0,0.0607456739231,1.0,0.0
688,LookupPrivilegeNameW,0.00369003690037,0.0,0.0607456739231,1.0,0.0
689,LookupPrivilegeValueA,0.210332103321,0.0,0.408298502418,1.0,0.0
690,LookupPrivilegeValueW,0.0147601476015,0.0,0.120814510558,1.0,0.0
691,LsaClose,0.00369003690037,0.0,0.0607456739231,1.0,0.0
692,LsaEnumerateLogonSessions,0.00369003690037,0.0,0.0607456739231,1.0,0.0
693,LsaFreeMemory,0.00369003690037,0.0,0.0607456739231,1.0,0.0
694,LsaFreeReturnBuffer,0.00369003690037,0.0,0.0607456739231,1.0,0.0
695,LsaGetLogonSessionData,0.00369003690037,0.0,0.0607456739231,1.0,0.0
696,LsaOpenPolicy,0.00369003690037,0.0,0.0607456739231,1.0,0.0
697,LsaQueryInformationPolicy,0.00369003690037,0.0,0.0607456739231,1.0,0.0
698,MFC42,0.0369003690037,0.0,0.188865975505,1.0,0.0
699,MPR,0.00369003690037,0.0,0.0607456739231,1.0,0.0
700,MSVCP60,0.110701107011,0.0,0.314342151341,1.0,0.0
701,MSVCR80,0.0110701107011,0.0,0.104824185573,1.0,0.0
702,MSVCR90,0.00738007380074,0.0,0.0857481206445,1.0,0.0
703,MSVCRT,0.723247232472,1.0,0.448220937731,1.0,0.0
704,MakeAbsoluteSD,0.00369003690037,0.0,0.0607456739231,1.0,0.0
705,MapViewOfFile,0.0590405904059,0.0,0.236136734977,1.0,0.0
706,MapWindowPoints,0.0332103321033,0.0,0.179516913585,1.0,0.0
707,Mcdl,0.00369003690037,0.0,0.0607456739231,1.0,0.0
708,MessageBoxA,0.0774907749077,0.0,0.267863244039,1.0,0.0
709,MessageBoxW,0.0184501845018,0.0,0.134821542919,1.0,0.0
710,MmGetSystemRoutineAddress,0.0,0.0,0.0,0.0,0.0
711,Module32First,0.0553505535055,0.0,0.229086282447,1.0,0.0
712,Module32FirstW,0.0,0.0,0.0,0.0,0.0
713,Module32Next,0.0332103321033,0.0,0.179516913585,1.0,0.0
714,Module32NextW,0.0,0.0,0.0,0.0,0.0
715,MoveFileA,0.0516605166052,0.0,0.22175021623,1.0,0.0
716,MoveFileExA,0.0221402214022,0.0,0.147411727153,1.0,0.0
717,MoveFileExW,0.0184501845018,0.0,0.134821542919,1.0,0.0
718,MoveFileW,0.0184501845018,0.0,0.134821542919,1.0,0.0
719,MultiByteToWideChar,0.361623616236,0.0,0.481359516096,1.0,0.0
720,NETAPI32,0.0627306273063,0.0,0.242926443186,1.0,0.0
721,NdrConvert,0.00369003690037,0.0,0.0607456739231,1.0,0.0
722,NdrNonConformantStringMarshall,0.00369003690037,0.0,0.0607456739231,1.0,0.0
723,NdrNonConformantStringUnmarshall,0.00369003690037,0.0,0.0607456739231,1.0,0.0
724,NdrServerInitializeNew,0.00369003690037,0.0,0.0607456739231,1.0,0.0
725,NetApiBufferFree,0.029520295203,0.0,0.169572858135,1.0,0.0
726,NetServerEnum,0.029520295203,0.0,0.169572858135,1.0,0.0
727,NetShareGetInfo,0.00369003690037,0.0,0.0607456739231,1.0,0.0
728,Netbios,0.029520295203,0.0,0.169572858135,1.0,0.0
729,NtBuildNumber,0.0,0.0,0.0,0.0,0.0
730,OLE32,0.00738007380074,0.0,0.0857481206445,1.0,0.0
731,OLEAUT32,0.0258302583026,0.0,0.158922158815,1.0,0.0
732,ObOpenObjectByPointer,0.0,0.0,0.0,0.0,0.0
733,ObfDereferenceObject,0.0,0.0,0.0,0.0,0.0
734,OemToCharA,0.0332103321033,0.0,0.179516913585,1.0,0.0
735,OemToCharBuffA,0.0332103321033,0.0,0.179516913585,1.0,0.0
736,OleInitialize,0.0332103321033,0.0,0.179516913585,1.0,0.0
737,OleUninitialize,0.0332103321033,0.0,0.179516913585,1.0,0.0
738,OpenDesktopA,0.029520295203,0.0,0.169572858135,1.0,0.0
739,OpenFile,0.029520295203,0.0,0.169572858135,1.0,0.0
740,OpenFileMappingA,0.0,0.0,0.0,0.0,0.0
741,OpenFileMappingW,0.0,0.0,0.0,0.0,0.0
742,OpenInputDesktop,0.029520295203,0.0,0.169572858135,1.0,0.0
743,OpenProcess,0.782287822878,0.0,0.954822034125,2.0,0.0
744,OpenProcessToken,0.0,0.0,0.0,0.0,0.0
745,OpenSCManagerA,0.232472324723,0.0,0.423190017484,1.0,0.0
746,OpenSCManagerW,0.00369003690037,0.0,0.0607456739231,1.0,0.0
747,OpenServiceA,0.243542435424,0.0,0.430013777824,1.0,0.0
748,OpenServiceW,0.00369003690037,0.0,0.0607456739231,1.0,0.0
749,OpenThread,0.0110701107011,0.0,0.104824185573,1.0,0.0
750,OpenWindowStationA,0.029520295203,0.0,0.169572858135,1.0,0.0
751,OutputDebugStringA,0.118081180812,0.0,0.323301271114,1.0,0.0
752,PAGE,1.0,1.0,0.0,1.0,1.0
753,PFXExportCertStoreEx,0.00369003690037,0.0,0.0607456739231,1.0,0.0
754,PSAPI,0.0479704797048,0.0,0.214099178851,1.0,0.0
755,PathCanonicalizeW,0.00369003690037,0.0,0.0607456739231,1.0,0.0
756,PathCombineW,0.00369003690037,0.0,0.0607456739231,1.0,0.0
757,PathFileExistsA,0.00738007380074,0.0,0.0857481206445,1.0,0.0
758,PathIsDirectoryA,0.00738007380074,0.0,0.0857481206445,1.0,0.0
759,PathIsRelativeW,0.00369003690037,0.0,0.0607456739231,1.0,0.0
760,PeekMessageA,0.0147601476015,0.0,0.120814510558,1.0,0.0
761,PeekMessageW,0.0184501845018,0.0,0.134821542919,1.0,0.0
762,PeekNamedPipe,0.564575645756,1.0,0.49672977302,1.0,0.0
763,PostMessageA,0.0442804428044,0.0,0.206098095004,1.0,0.0
764,PostMessageW,0.0184501845018,0.0,0.134821542919,1.0,0.0
765,PostQuitMessage,0.0110701107011,0.0,0.104824185573,1.0,0.0
766,PostThreadMessageW,0.00369003690037,0.0,0.0607456739231,1.0,0.0
767,ProceA,0.00369003690037,0.0,0.0607456739231,1.0,0.0
768,Process32First,0.232472324723,0.0,0.423190017484,1.0,0.0
769,Process32FirstW,0.0,0.0,0.0,0.0,0.0
770,Process32Next,0.243542435424,0.0,0.430013777824,1.0,0.0
771,Process32NextW,0.0,0.0,0.0,0.0,0.0
772,PsDereferencePrimaryToken,0.0,0.0,0.0,0.0,0.0
773,PsGetProcessId,0.0,0.0,0.0,0.0,0.0
774,PsGetProcessImageFileName,0.0,0.0,0.0,0.0,0.0
775,PsGetVersion,0.0,0.0,0.0,0.0,0.0
776,PsInitialSystemProcess,0.0,0.0,0.0,0.0,0.0
777,PsProcessType,0.0,0.0,0.0,0.0,0.0
778,PsReferencePrimaryToken,0.0,0.0,0.0,0.0,0.0
779,PsSetCreateProcessNotifyRoutine,0.0,0.0,0.0,0.0,0.0
780,PsSetCreateThreadNotifyRoutine,0.0,0.0,0.0,0.0,0.0
781,PsSetLoadImageNotifyRoutine,0.0,0.0,0.0,0.0,0.0
782,QueryContextAttributesA,0.00369003690037,0.0,0.0607456739231,1.0,0.0
783,QueryPerformanceCounter,0.129151291513,0.0,0.335987790767,1.0,0.0
784,QueryPerformanceFrequency,0.029520295203,0.0,0.169572858135,1.0,0.0
785,QueryServiceConfig2A,0.029520295203,0.0,0.169572858135,1.0,0.0
786,QueryServiceConfigA,0.0332103321033,0.0,0.179516913585,1.0,0.0
787,QueryServiceObjectSecurity,0.00369003690037,0.0,0.0607456739231,1.0,0.0
788,QueryServiceStatus,0.0442804428044,0.0,0.223346887535,2.0,0.0
789,QueryServiceStatusEx,0.0,0.0,0.0,0.0,0.0
790,RPCRT4,0.00369003690037,0.0,0.0607456739231,1.0,0.0
791,RaiseException,0.132841328413,0.0,0.340031110652,1.0,0.0
792,ReadConsoleInputA,0.00369003690037,0.0,0.0607456739231,1.0,0.0
793,ReadDirectoryChangesW,0.0110701107011,0.0,0.104824185573,1.0,0.0
794,ReadFile,0.760147601476,1.0,0.42778323559,1.0,0.0
795,ReadProcessMemory,0.0405904059041,0.0,0.1977044702,1.0,0.0
796,RealizePalette,0.0369003690037,0.0,0.188865975505,1.0,0.0
797,RegCloseKey,0.428044280443,0.0,0.495710726087,1.0,0.0
798,RegConnectRegistryA,0.00369003690037,0.0,0.0607456739231,1.0,0.0
799,RegCreateKeyA,0.0811808118081,0.0,0.273617888062,1.0,0.0
800,RegCreateKeyExA,0.140221402214,0.0,0.347858989715,1.0,0.0
801,RegCreateKeyExW,0.0184501845018,0.0,0.134821542919,1.0,0.0
802,RegDeleteKeyA,0.029520295203,0.0,0.169572858135,1.0,0.0
803,RegDeleteValueA,0.110701107011,0.0,0.314342151341,1.0,0.0
804,RegEnumKeyExA,0.0332103321033,0.0,0.179516913585,1.0,0.0
805,RegEnumKeyExW,0.00369003690037,0.0,0.0607456739231,1.0,0.0
806,RegEnumValueA,0.029520295203,0.0,0.169572858135,1.0,0.0
807,RegOpenKeyA,0.0369003690037,0.0,0.188865975505,1.0,0.0
808,RegOpenKeyExA,0.276752767528,0.0,0.448220937731,1.0,0.0
809,RegOpenKeyExW,0.0258302583026,0.0,0.158922158815,1.0,0.0
810,RegQueryInfoKeyA,0.029520295203,0.0,0.169572858135,1.0,0.0
811,RegQueryInfoKeyW,0.00369003690037,0.0,0.0607456739231,1.0,0.0
812,RegQueryValueExA,0.184501845018,0.0,0.388610572229,1.0,0.0
813,RegQueryValueExW,0.0221402214022,0.0,0.147411727153,1.0,0.0
814,RegSaveKeyA,0.029520295203,0.0,0.169572858135,1.0,0.0
815,RegSetValueExA,0.313653136531,0.0,0.464835627638,1.0,0.0
816,RegSetValueExW,0.0516605166052,0.0,0.22175021623,1.0,0.0
817,RegisterClassExA,0.0479704797048,0.0,0.214099178851,1.0,0.0
818,RegisterClassExW,0.0184501845018,0.0,0.134821542919,1.0,0.0
819,RegisterEventSourceA,0.0479704797048,0.0,0.214099178851,1.0,0.0
820,RegisterEventSourceW,0.0,0.0,0.0,0.0,0.0
821,RegisterServiceCtrlHandlerA,0.140221402214,0.0,0.347858989715,1.0,0.0
822,ReleaseDC,0.0627306273063,0.0,0.242926443186,1.0,0.0
823,ReleaseMutex,0.0405904059041,0.0,0.1977044702,1.0,0.0
824,RemoveDirectoryA,0.029520295203,0.0,0.169572858135,1.0,0.0
825,ReportEventA,0.0479704797048,0.0,0.214099178851,1.0,0.0
826,ReportEventW,0.0,0.0,0.0,0.0,0.0
827,ResetEvent,0.0774907749077,0.0,0.340874114523,2.0,0.0
828,ResumeThread,0.0110701107011,0.0,0.104824185573,1.0,0.0
829,RevertToSelf,0.0332103321033,0.0,0.179516913585,1.0,0.0
830,RpcMgmtStopServerListening,0.00369003690037,0.0,0.0607456739231,1.0,0.0
831,RpcRaiseException,0.0,0.0,0.0,0.0,0.0
832,RpcServerListen,0.00369003690037,0.0,0.0607456739231,1.0,0.0
833,RpcServerRegisterIf,0.00369003690037,0.0,0.0607456739231,1.0,0.0
834,RpcServerUseProtseqEpA,0.00369003690037,0.0,0.0607456739231,1.0,0.0
835,RtlCaptureContext,0.0,0.0,0.0,0.0,0.0
836,RtlCompareMemory,0.0,0.0,0.0,0.0,0.0
837,RtlInitUnicodeString,0.0,0.0,0.0,0.0,0.0
838,RtlLookupFunctionEntry,0.0,0.0,0.0,0.0,0.0
839,RtlPcToFileHeader,0.0,0.0,0.0,0.0,0.0
840,RtlUnwind,0.236162361624,0.0,0.425508884253,1.0,0.0
841,RtlUnwindEx,0.0,0.0,0.0,0.0,0.0
842,RtlVirtualUnwind,0.0,0.0,0.0,0.0,0.0
843,RundllInstall,0.0442804428044,0.0,0.206098095004,1.0,0.0
844,RundllInstallA,0.0,0.0,0.0,0.0,0.0
845,RundllUninstall,0.0442804428044,0.0,0.206098095004,1.0,0.0
846,RundllUninstallA,0.0,0.0,0.0,0.0,0.0
847,SHAutoComplete,0.0184501845018,0.0,0.134821542919,1.0,0.0
848,SHBrowseForFolderA,0.0147601476015,0.0,0.120814510558,1.0,0.0
849,SHBrowseForFolderW,0.0184501845018,0.0,0.134821542919,1.0,0.0
850,SHChangeNotify,0.19557195572,0.0,0.397374188554,1.0,0.0
851,SHCreateDirectoryExA,0.0258302583026,0.0,0.158922158815,1.0,0.0
852,SHELL32,0.420664206642,0.0,0.494579059488,1.0,0.0
853,SHFileOperationA,0.0147601476015,0.0,0.120814510558,1.0,0.0
854,SHFileOperationW,0.0184501845018,0.0,0.134821542919,1.0,0.0
855,SHGetFileInfoA,0.0147601476015,0.0,0.120814510558,1.0,0.0
856,SHGetFileInfoW,0.0184501845018,0.0,0.134821542919,1.0,0.0
857,SHGetMalloc,0.0332103321033,0.0,0.179516913585,1.0,0.0
858,SHGetPathFromIDListA,0.0184501845018,0.0,0.134821542919,1.0,0.0
859,SHGetPathFromIDListW,0.0184501845018,0.0,0.134821542919,1.0,0.0
860,SHGetSpecialFolderLocation,0.0369003690037,0.0,0.188865975505,1.0,0.0
861,SHGetSpecialFolderPathA,0.0221402214022,0.0,0.147411727153,1.0,0.0
862,SHGetSpecialFolderPathW,0.0332103321033,0.0,0.179516913585,1.0,0.0
863,SHLWAPI,0.0405904059041,0.0,0.1977044702,1.0,0.0
864,Secur32,0.136531365314,0.0,0.343987184749,1.0,0.0
865,SelectObject,0.0664206642066,0.0,0.249476697081,1.0,0.0
866,SelectPalette,0.0369003690037,0.0,0.188865975505,1.0,0.0
867,SendDlgItemMessageA,0.0147601476015,0.0,0.120814510558,1.0,0.0
868,SendDlgItemMessageW,0.0184501845018,0.0,0.134821542919,1.0,0.0
869,SendMessageA,0.0590405904059,0.0,0.236136734977,1.0,0.0
870,SendMessageW,0.0184501845018,0.0,0.134821542919,1.0,0.0
871,ServiceInstall,0.0442804428044,0.0,0.294823454306,2.0,0.0
872,ServiceMain,0.10332103321,0.0,0.304940862938,1.0,0.0
873,SetConsoleCtrlHandler,0.00738007380074,0.0,0.0857481206445,1.0,0.0
874,SetConsoleCursorPosition,0.00369003690037,0.0,0.0607456739231,1.0,0.0
875,SetConsoleMode,0.00369003690037,0.0,0.0607456739231,1.0,0.0
876,SetConsoleTitleW,0.00369003690037,0.0,0.0607456739231,1.0,0.0
877,SetCurrentDirectoryA,0.221402214022,0.0,0.415958808318,1.0,0.0
878,SetCurrentDirectoryW,0.0184501845018,0.0,0.134821542919,1.0,0.0
879,SetCursorPos,0.029520295203,0.0,0.169572858135,1.0,0.0
880,SetDlgItemTextA,0.0147601476015,0.0,0.120814510558,1.0,0.0
881,SetDlgItemTextW,0.0184501845018,0.0,0.134821542919,1.0,0.0
882,SetEndOfFile,0.217712177122,0.0,0.413454200741,1.0,0.0
883,SetEntriesInAclA,0.00738007380074,0.0,0.0857481206445,1.0,0.0
884,SetEnvironmentVariableA,0.10332103321,0.0,0.304940862938,1.0,0.0
885,SetEnvironmentVariableW,0.0184501845018,0.0,0.134821542919,1.0,0.0
886,SetErrorMode,0.0479704797048,0.0,0.214099178851,1.0,0.0
887,SetEvent,0.169741697417,0.0,0.376100271888,1.0,0.0
888,SetFileAttributesA,0.0959409594096,0.0,0.295055142714,1.0,0.0
889,SetFileAttributesW,0.0332103321033,0.0,0.179516913585,1.0,0.0
890,SetFilePointer,0.313653136531,0.0,0.464835627638,1.0,0.0
891,SetFileSecurityA,0.0110701107011,0.0,0.104824185573,1.0,0.0
892,SetFileSecurityW,0.0110701107011,0.0,0.104824185573,1.0,0.0
893,SetFileTime,0.0738007380074,0.0,0.261930053144,1.0,0.0
894,SetFocus,0.0332103321033,0.0,0.179516913585,1.0,0.0
895,SetForegroundWindow,0.0221402214022,0.0,0.147411727153,1.0,0.0
896,SetHandleCount,0.217712177122,0.0,0.413454200741,1.0,0.0
897,SetKernelObjectSecurity,0.00369003690037,0.0,0.0607456739231,1.0,0.0
898,SetLastError,0.225092250923,0.0,0.418415762989,1.0,0.0
899,SetMenu,0.0147601476015,0.0,0.120814510558,1.0,0.0
900,SetNamedPipeHandleState,0.00369003690037,0.0,0.0607456739231,1.0,0.0
901,SetPriorityClass,0.221402214022,0.0,0.415958808318,1.0,0.0
902,SetProcessPriorityBoost,0.214022140221,0.0,0.410901068868,1.0,0.0
903,SetProcessWindowStation,0.029520295203,0.0,0.169572858135,1.0,0.0
904,SetSecurityDescriptorDacl,0.00369003690037,0.0,0.0607456739231,1.0,0.0
905,SetSecurityInfo,0.00369003690037,0.0,0.0607456739231,1.0,0.0
906,SetServiceObjectSecurity,0.00369003690037,0.0,0.0607456739231,1.0,0.0
907,SetServiceStatus,0.140221402214,0.0,0.347858989715,1.0,0.0
908,SetStdHandle,0.309963099631,0.0,0.463333731539,1.0,0.0
909,SetThreadContext,0.00738007380074,0.0,0.0857481206445,1.0,0.0
910,SetThreadDesktop,0.029520295203,0.0,0.169572858135,1.0,0.0
911,SetThreadPriority,0.214022140221,0.0,0.410901068868,1.0,0.0
912,SetTimer,0.00369003690037,0.0,0.0607456739231,1.0,0.0
913,SetUnhandledExceptionFilter,0.162361623616,0.0,0.369464520228,1.0,0.0
914,SetVolumeLabelA,0.00738007380074,0.0,0.0857481206445,1.0,0.0
915,SetWaitableTimer,0.00369003690037,0.0,0.0607456739231,1.0,0.0
916,SetWindowLongA,0.0147601476015,0.0,0.120814510558,1.0,0.0
917,SetWindowLongW,0.0184501845018,0.0,0.134821542919,1.0,0.0
918,SetWindowPos,0.0369003690037,0.0,0.188865975505,1.0,0.0
919,SetWindowTextA,0.0147601476015,0.0,0.120814510558,1.0,0.0
920,SetWindowTextW,0.0184501845018,0.0,0.134821542919,1.0,0.0
921,ShellExecuteA,0.118081180812,0.0,0.323301271114,1.0,0.0
922,ShellExecuteExA,0.228782287823,0.0,0.420825899406,1.0,0.0
923,ShellExecuteExW,0.0184501845018,0.0,0.134821542919,1.0,0.0
924,ShellExecuteW,0.0369003690037,0.0,0.188865975505,1.0,0.0
925,ShowWindow,0.0442804428044,0.0,0.206098095004,1.0,0.0
926,SizeofResource,0.0369003690037,0.0,0.188865975505,1.0,0.0
927,Sleep,0.918819188192,1.0,0.273617888062,1.0,0.0
928,StartServiceA,0.206642066421,0.0,0.405645549895,1.0,0.0
929,StartServiceCtrlDispatcherA,0.0516605166052,0.0,0.22175021623,1.0,0.0
930,StartServiceW,0.00369003690037,0.0,0.0607456739231,1.0,0.0
931,StrToIntA,0.00369003690037,0.0,0.0607456739231,1.0,0.0
932,StretchBlt,0.0258302583026,0.0,0.158922158815,1.0,0.0
933,SuspendThread,0.00369003690037,0.0,0.0607456739231,1.0,0.0
934,SystemTimeToFileTime,0.10332103321,0.0,0.304940862938,1.0,0.0
935,TerminateJobObject,0.00369003690037,0.0,0.0607456739231,1.0,0.0
936,TerminateProcess,0.675276752768,1.0,0.469137720613,1.0,0.0
937,TerminateThread,0.321033210332,0.0,0.467737306382,1.0,0.0
938,Thread32First,0.0332103321033,0.0,0.179516913585,1.0,0.0
939,Thread32Next,0.0332103321033,0.0,0.179516913585,1.0,0.0
940,TlsAlloc,0.10332103321,0.0,0.304940862938,1.0,0.0
941,TlsFree,0.0922509225092,0.0,0.289915229866,1.0,0.0
942,TlsGetValue,0.10332103321,0.0,0.304940862938,1.0,0.0
943,TlsSetValue,0.10332103321,0.0,0.304940862938,1.0,0.0
944,Toolhelp32ReadProcessMemory,0.0,0.0,0.0,0.0,0.0
945,TranslateAcceleratorA,0.00738007380074,0.0,0.0857481206445,1.0,0.0
946,TranslateMessage,0.070110701107,0.0,0.25580589197,1.0,0.0
947,URLDownloadToFileA,0.225092250923,0.0,0.418415762989,1.0,0.0
948,USER32,0.40221402214,0.0,0.491251883746,1.0,0.0
949,USERENV,0.0590405904059,0.0,0.236136734977,1.0,0.0
950,UnServiceInstall,0.0,0.0,0.0,0.0,0.0
951,UnhandledExceptionFilter,0.225092250923,0.0,0.418415762989,1.0,0.0
952,UninstallService,0.0221402214022,0.0,0.147411727153,1.0,0.0
953,UnlockServiceDatabase,0.0369003690037,0.0,0.188865975505,1.0,0.0
954,UnmapViewOfFile,0.0590405904059,0.0,0.236136734977,1.0,0.0
955,UpdateWindow,0.0442804428044,0.0,0.206098095004,1.0,0.0
956,VirtualAlloc,0.29889298893,0.0,0.458619780778,1.0,0.0
957,VirtualAllocEx,0.0,0.0,0.0,0.0,0.0
958,VirtualFree,0.261992619926,0.0,0.440532186512,1.0,0.0
959,VirtualFreeEx,0.0,0.0,0.0,0.0,0.0
960,VirtualProtect,0.029520295203,0.0,0.190164038723,2.0,0.0
961,VirtualProtectEx,0.0,0.0,0.0,0.0,0.0
962,VirtualQueryEx,0.00738007380074,0.0,0.0857481206445,1.0,0.0
963,WINHTTP,0.0405904059041,0.0,0.1977044702,1.0,0.0
964,WININET,0.594095940959,1.0,0.491974681318,1.0,0.0
965,WINMM,0.0147601476015,0.0,0.120814510558,1.0,0.0
966,WNetAddConnection2A,0.00369003690037,0.0,0.0607456739231,1.0,0.0
967,WNetCancelConnection2A,0.00369003690037,0.0,0.0607456739231,1.0,0.0
968,WS2_32,0.413284132841,0.0,0.493333998204,1.0,0.0
969,WSACloseEvent,0.0221402214022,0.0,0.147411727153,1.0,0.0
970,WSACreateEvent,0.0221402214022,0.0,0.147411727153,1.0,0.0
971,WSAEnumNetworkEvents,0.0221402214022,0.0,0.147411727153,1.0,0.0
972,WSAEventSelect,0.0221402214022,0.0,0.147411727153,1.0,0.0
973,WSAResetEvent,0.0,0.0,0.0,0.0,0.0
974,WSASocketA,0.0553505535055,0.0,0.229086282447,1.0,0.0
975,WSAWaitForMultipleEvents,0.0221402214022,0.0,0.147411727153,1.0,0.0
976,WTSAPI32,0.00369003690037,0.0,0.0607456739231,1.0,0.0
977,WTSCloseServer,0.00369003690037,0.0,0.0607456739231,1.0,0.0
978,WTSEnumerateProcessesW,0.00369003690037,0.0,0.0607456739231,1.0,0.0
979,WTSEnumerateSessionsW,0.00369003690037,0.0,0.0607456739231,1.0,0.0
980,WTSFreeMemory,0.00369003690037,0.0,0.0607456739231,1.0,0.0
981,WTSOpenServerW,0.00369003690037,0.0,0.0607456739231,1.0,0.0
982,WaitForDebugEvent,0.00738007380074,0.0,0.0857481206445,1.0,0.0
983,WaitForInputIdle,0.0369003690037,0.0,0.188865975505,1.0,0.0
984,WaitForMultipleObjects,0.19557195572,0.0,0.397374188554,1.0,0.0
985,WaitForSingleObject,0.453874538745,0.0,0.498789021436,1.0,0.0
986,WaitNamedPipeW,0.00369003690037,0.0,0.0607456739231,1.0,0.0
987,WideCharToMultiByte,0.309963099631,0.0,0.463333731539,1.0,0.0
988,WinExec,0.0811808118081,0.0,0.273617888062,1.0,0.0
989,WinHttpAddRequestHeaders,0.00369003690037,0.0,0.0607456739231,1.0,0.0
990,WinHttpCloseHandle,0.0,0.0,0.0,0.0,0.0
991,WinHttpConnect,0.0405904059041,0.0,0.1977044702,1.0,0.0
992,WinHttpCrackUrl,0.00369003690037,0.0,0.0607456739231,1.0,0.0
993,WinHttpGetIEProxyConfigForCurren,0.0405904059041,0.0,0.1977044702,1.0,0.0
994,WinHttpGetProxyForUrl,0.0405904059041,0.0,0.1977044702,1.0,0.0
995,WinHttpOpen,0.0811808118081,0.0,0.395408940401,2.0,0.0
996,WinHttpOpenRequest,0.0,0.0,0.0,0.0,0.0
997,WinHttpQueryDataAvailable,0.00369003690037,0.0,0.0607456739231,1.0,0.0
998,WinHttpQueryHeaders,0.00369003690037,0.0,0.0607456739231,1.0,0.0
999,WinHttpQueryOption,0.0369003690037,0.0,0.188865975505,1.0,0.0
1000,WinHttpReadData,0.0405904059041,0.0,0.1977044702,1.0,0.0
1001,WinHttpReceiveResponse,0.0405904059041,0.0,0.1977044702,1.0,0.0
1002,WinHttpSendRequest,0.0405904059041,0.0,0.1977044702,1.0,0.0
1003,WinHttpSetOption,0.0405904059041,0.0,0.1977044702,1.0,0.0
1004,WinHttpSetTimeouts,0.00369003690037,0.0,0.0607456739231,1.0,0.0
1005,WinHttpWriteData,0.0405904059041,0.0,0.1977044702,1.0,0.0
1006,WriteConsoleA,0.0590405904059,0.0,0.236136734977,1.0,0.0
1007,WriteConsoleInputA,0.110701107011,0.0,0.314342151341,1.0,0.0
1008,WriteConsoleW,0.0738007380074,0.0,0.261930053144,1.0,0.0
1009,WriteFile,0.738007380074,1.0,0.440532186512,1.0,0.0
1010,WritePrivateProfileStringA,0.0258302583026,0.0,0.158922158815,1.0,0.0
1011,WriteProcessMemory,0.0442804428044,0.0,0.206098095004,1.0,0.0
1012,ZwClose,0.0,0.0,0.0,0.0,0.0
1013,ZwDuplicateToken,0.0,0.0,0.0,0.0,0.0
1014,ZwOpenProcessTokenEx,0.0,0.0,0.0,0.0,0.0
1015,ZwQuerySystemInformation,0.0,0.0,0.0,0.0,0.0
1016,ZwSetInformationProcess,0.0,0.0,0.0,0.0,0.0
1017,_CxxThrowException,0.110701107011,0.0,0.314342151341,1.0,0.0
1018,_EH_prolog,0.121771217712,0.0,0.327626423523,1.0,0.0
1019,_XcptFilter,0.619926199262,1.0,0.486302750253,1.0,0.0
1020,__CppXcptFilter,0.0110701107011,0.0,0.104824185573,1.0,0.0
1021,__CxxFrameHandler,0.394833948339,0.0,0.489719373639,1.0,0.0
1022,__CxxFrameHandler3,0.0,0.0,0.0,0.0,0.0
1023,__clean_type_info_names_internal,0.0110701107011,0.0,0.104824185573,1.0,0.0
1024,__dllonexit,0.214022140221,0.0,0.410901068868,1.0,0.0
1025,__getmainargs,0.623616236162,1.0,0.485374449146,1.0,0.0
1026,__iob_func,0.0110701107011,0.0,0.104824185573,1.0,0.0
1027,__p___initenv,0.107011070111,0.0,0.309699250569,1.0,0.0
1028,__p__commode,0.619926199262,1.0,0.486302750253,1.0,0.0
1029,__p__environ,0.00369003690037,0.0,0.0607456739231,1.0,0.0
1030,__p__fmode,0.623616236162,1.0,0.485374449146,1.0,0.0
1031,__set_app_type,0.623616236162,1.0,0.485374449146,1.0,0.0
1032,__setusermatherr,0.619926199262,1.0,0.486302750253,1.0,0.0
1033,_access,0.00369003690037,0.0,0.0607456739231,1.0,0.0
1034,_acmdln,0.512915129151,1.0,0.500757933122,1.0,0.0
1035,_adjust_fdiv,0.730627306273,1.0,0.444454694429,1.0,0.0
1036,_alldiv,0.0184501845018,0.0,0.134821542919,1.0,0.0
1037,_allmul,0.0184501845018,0.0,0.134821542919,1.0,0.0
1038,_alloca_probe,0.0184501845018,0.0,0.134821542919,1.0,0.0
1039,_allshl,0.00738007380074,0.0,0.0857481206445,1.0,0.0
1040,_amsg_exit,0.0184501845018,0.0,0.134821542919,1.0,0.0
1041,_atoi64,0.029520295203,0.0,0.169572858135,1.0,0.0
1042,_aulldiv,0.0184501845018,0.0,0.134821542919,1.0,0.0
1043,_aullrem,0.0184501845018,0.0,0.134821542919,1.0,0.0
1044,_aullshr,0.0184501845018,0.0,0.134821542919,1.0,0.0
1045,_beginthread,0.162361623616,0.0,0.379356612061,2.0,0.0
1046,_beginthreadex,0.0,0.0,0.0,0.0,0.0
1047,_cexit,0.0110701107011,0.0,0.104824185573,1.0,0.0
1048,_chdir,0.0258302583026,0.0,0.158922158815,1.0,0.0
1049,_chkstk,0.0184501845018,0.0,0.134821542919,1.0,0.0
1050,_close,0.00369003690037,0.0,0.0607456739231,1.0,0.0
1051,_configthreadlocale,0.00738007380074,0.0,0.0857481206445,1.0,0.0
1052,_controlfp,0.619926199262,1.0,0.486302750253,1.0,0.0
1053,_controlfp_s,0.0,0.0,0.0,0.0,0.0
1054,_crt_debugger_hook,0.0184501845018,0.0,0.134821542919,1.0,0.0
1055,_decode_pointer,0.0184501845018,0.0,0.134821542919,1.0,0.0
1056,_encode_pointer,0.0184501845018,0.0,0.134821542919,1.0,0.0
1057,_encoded_null,0.0110701107011,0.0,0.104824185573,1.0,0.0
1058,_endthreadex,0.0184501845018,0.0,0.134821542919,1.0,0.0
1059,_errno,0.0442804428044,0.0,0.206098095004,1.0,0.0
1060,_except_handler3,0.660516605166,1.0,0.474410072949,1.0,0.0
1061,_except_handler4_common,0.0184501845018,0.0,0.134821542919,1.0,0.0
1062,_exit,0.630996309963,1.0,0.483427695755,1.0,0.0
1063,_fdopen,0.029520295203,0.0,0.169572858135,1.0,0.0
1064,_filelength,0.00738007380074,0.0,0.0857481206445,1.0,0.0
1065,_fileno,0.0110701107011,0.0,0.104824185573,1.0,0.0
1066,_findclose,0.0184501845018,0.0,0.134821542919,1.0,0.0
1067,_findfirst,0.0184501845018,0.0,0.134821542919,1.0,0.0
1068,_findfirst64i32,0.0,0.0,0.0,0.0,0.0
1069,_findnext,0.0184501845018,0.0,0.134821542919,1.0,0.0
1070,_findnext64i32,0.0,0.0,0.0,0.0,0.0
1071,_ftime,0.0110701107011,0.0,0.104824185573,1.0,0.0
1072,_ftime64,0.0,0.0,0.0,0.0,0.0
1073,_ftol,0.09963099631,0.0,0.300061494312,1.0,0.0
1074,_get_osfhandle,0.00738007380074,0.0,0.0857481206445,1.0,0.0
1075,_getch,0.0405904059041,0.0,0.1977044702,1.0,0.0
1076,_getcwd,0.0110701107011,0.0,0.104824185573,1.0,0.0
1077,_gmtime32,0.00369003690037,0.0,0.0607456739231,1.0,0.0
1078,_initterm,0.749077490775,1.0,0.475072194797,2.0,0.0
1079,_initterm_e,0.0,0.0,0.0,0.0,0.0
1080,_invoke_watson,0.00738007380074,0.0,0.0857481206445,1.0,0.0
1081,_iob,0.118081180812,0.0,0.356013952151,2.0,0.0
1082,_ismbblead,0.00738007380074,0.0,0.0857481206445,1.0,0.0
1083,_itoa,0.180811808118,0.0,0.385574229786,1.0,0.0
1084,_lclose,0.00738007380074,0.0,0.0857481206445,1.0,0.0
1085,_local_unwind2,0.0110701107011,0.0,0.104824185573,1.0,0.0
1086,_localtime64,0.0147601476015,0.0,0.171496241289,2.0,0.0
1087,_localtime64_s,0.0,0.0,0.0,0.0,0.0
1088,_lock,0.0184501845018,0.0,0.134821542919,1.0,0.0
1089,_lopen,0.0147601476015,0.0,0.120814510558,1.0,0.0
1090,_malloc_crt,0.0110701107011,0.0,0.104824185573,1.0,0.0
1091,_mbschr,0.00738007380074,0.0,0.0857481206445,1.0,0.0
1092,_mbscmp,0.0664206642066,0.0,0.249476697081,1.0,0.0
1093,_mbsicmp,0.0147601476015,0.0,0.120814510558,1.0,0.0
1094,_mbsinc,0.00369003690037,0.0,0.0607456739231,1.0,0.0
1095,_mbsnbcat,0.029520295203,0.0,0.169572858135,1.0,0.0
1096,_mbsnbcmp,0.0369003690037,0.0,0.188865975505,1.0,0.0
1097,_mbsnbcpy,0.0369003690037,0.0,0.188865975505,1.0,0.0
1098,_mbsrchr,0.0332103321033,0.0,0.179516913585,1.0,0.0
1099,_mkdir,0.00369003690037,0.0,0.0607456739231,1.0,0.0
1100,_onexit,0.217712177122,0.0,0.413454200741,1.0,0.0
1101,_open,0.00738007380074,0.0,0.0857481206445,1.0,0.0
1102,_purecall,0.0184501845018,0.0,0.134821542919,1.0,0.0
1103,_read,0.00369003690037,0.0,0.0607456739231,1.0,0.0
1104,_setmbcp,0.00369003690037,0.0,0.0607456739231,1.0,0.0
1105,_setmode,0.0442804428044,0.0,0.206098095004,1.0,0.0
1106,_snprintf,0.0590405904059,0.0,0.236136734977,1.0,0.0
1107,_splitpath,0.0147601476015,0.0,0.120814510558,1.0,0.0
1108,_stat,0.0442804428044,0.0,0.206098095004,1.0,0.0
1109,_stat32,0.0,0.0,0.0,0.0,0.0
1110,_strcmpi,0.140221402214,0.0,0.347858989715,1.0,0.0
1111,_strdate,0.0221402214022,0.0,0.147411727153,1.0,0.0
1112,_stricmp,0.166051660517,0.0,0.372815490443,1.0,0.0
1113,_strlwr,0.00738007380074,0.0,0.0857481206445,1.0,0.0
1114,_strnicmp,0.313653136531,0.0,0.464835627638,1.0,0.0
1115,_strtime,0.0221402214022,0.0,0.147411727153,1.0,0.0
1116,_strupr,0.00369003690037,0.0,0.0607456739231,1.0,0.0
1117,_time32,0.00369003690037,0.0,0.0607456739231,1.0,0.0
1118,_time64,0.0184501845018,0.0,0.134821542919,1.0,0.0
1119,_ui64toa,0.0110701107011,0.0,0.104824185573,1.0,0.0
1120,_ultoa,0.0184501845018,0.0,0.134821542919,1.0,0.0
1121,_unlink,0.00369003690037,0.0,0.0607456739231,1.0,0.0
1122,_unlock,0.0184501845018,0.0,0.134821542919,1.0,0.0
1123,_vsnprintf,0.0516605166052,0.0,0.22175021623,1.0,0.0
1124,_vsnwprintf,0.0,0.0,0.0,0.0,0.0
1125,_wcsicmp,0.00369003690037,0.0,0.0607456739231,1.0,0.0
1126,_wcsnicmp,0.10332103321,0.0,0.304940862938,1.0,0.0
1127,_wfopen,0.0332103321033,0.0,0.179516913585,1.0,0.0
1128,abort,0.0221402214022,0.0,0.147411727153,1.0,0.0
1129,abs,0.0110701107011,0.0,0.104824185573,1.0,0.0
1130,addLogonSession,0.00369003690037,0.0,0.0607456739231,1.0,0.0
1131,asctime_s,0.00738007380074,0.0,0.0857481206445,1.0,0.0
1132,atexit,0.00369003690037,0.0,0.0607456739231,1.0,0.0
1133,atof,0.070110701107,0.0,0.25580589197,1.0,0.0
1134,atoi,0.483394833948,0.0,0.500648752279,1.0,0.0
1135,atol,0.350553505535,0.0,0.478026099451,1.0,0.0
1136,ceil,0.029520295203,0.0,0.169572858135,1.0,0.0
1137,comdlg32,0.00369003690037,0.0,0.0607456739231,1.0,0.0
1138,delLogonSession,0.00369003690037,0.0,0.0607456739231,1.0,0.0
1139,exit,0.623616236162,1.0,0.485374449146,1.0,0.0
1140,fclose,0.39852398524,0.0,0.490500158924,1.0,0.0
1141,fflush,0.20295202952,0.0,0.40294121608,1.0,0.0
1142,fgetc,0.0110701107011,0.0,0.104824185573,1.0,0.0
1143,fgetpos,0.00369003690037,0.0,0.0607456739231,1.0,0.0
1144,fgets,0.0516605166052,0.0,0.22175021623,1.0,0.0
1145,floor,0.00738007380074,0.0,0.0857481206445,1.0,0.0
1146,fopen,0.394833948339,0.0,0.489719373639,1.0,0.0
1147,fprintf,0.121771217712,0.0,0.434534871871,2.0,0.0
1148,fputc,0.029520295203,0.0,0.169572858135,1.0,0.0
1149,fputs,0.0405904059041,0.0,0.1977044702,1.0,0.0
1150,fread,0.269372693727,0.0,0.444454694429,1.0,0.0
1151,free,0.442804428044,0.0,0.497636892146,1.0,0.0
1152,freopen,0.0369003690037,0.0,0.188865975505,1.0,0.0
1153,fseek,0.273062730627,0.0,0.446357098088,1.0,0.0
1154,ftell,0.20295202952,0.0,0.40294121608,1.0,0.0
1155,fwprintf,0.029520295203,0.0,0.169572858135,1.0,0.0
1156,fwrite,0.339483394834,0.0,0.474410072949,1.0,0.0
1157,getDescription,0.00369003690037,0.0,0.0607456739231,1.0,0.0
1158,getLocalAccounts,0.00369003690037,0.0,0.0607456739231,1.0,0.0
1159,getLogonPasswords,0.00369003690037,0.0,0.0607456739231,1.0,0.0
1160,getLogonSessions,0.00369003690037,0.0,0.0607456739231,1.0,0.0
1161,getMSV,0.00738007380074,0.0,0.121491347846,2.0,0.0
1162,getMSVFunctions,0.0,0.0,0.0,0.0,0.0
1163,getSAMFunctions,0.00369003690037,0.0,0.0607456739231,1.0,0.0
1164,getSECFunctions,0.00369003690037,0.0,0.0607456739231,1.0,0.0
1165,getSecrets,0.00369003690037,0.0,0.0607456739231,1.0,0.0
1166,getTsPkg,0.00738007380074,0.0,0.121491347846,2.0,0.0
1167,getTsPkgFunctions,0.0,0.0,0.0,0.0,0.0
1168,getWDigest,0.00738007380074,0.0,0.121491347846,2.0,0.0
1169,getWDigestFunctions,0.0,0.0,0.0,0.0,0.0
1170,getchar,0.0110701107011,0.0,0.104824185573,1.0,0.0
1171,getenv,0.118081180812,0.0,0.323301271114,1.0,0.0
1172,gmtime,0.0369003690037,0.0,0.188865975505,1.0,0.0
1173,install,0.0516605166052,0.0,0.317844317631,2.0,0.0
1174,installA,0.0,0.0,0.0,0.0,0.0
1175,iphlpapi,0.00738007380074,0.0,0.0857481206445,1.0,0.0
1176,isalnum,0.00369003690037,0.0,0.0607456739231,1.0,0.0
1177,isdigit,0.0479704797048,0.0,0.214099178851,1.0,0.0
1178,islower,0.00738007380074,0.0,0.0857481206445,1.0,0.0
1179,isprint,0.00369003690037,0.0,0.0607456739231,1.0,0.0
1180,isspace,0.0442804428044,0.0,0.206098095004,1.0,0.0
1181,isupper,0.0405904059041,0.0,0.1977044702,1.0,0.0
1182,isxdigit,0.0405904059041,0.0,0.1977044702,1.0,0.0
1183,keybd_event,0.0110701107011,0.0,0.104824185573,1.0,0.0
1184,localtime,0.0258302583026,0.0,0.158922158815,1.0,0.0
1185,lstrcatA,0.39852398524,0.0,0.490500158924,1.0,0.0
1186,lstrcatW,0.00369003690037,0.0,0.0607456739231,1.0,0.0
1187,lstrcmpiA,0.0405904059041,0.0,0.1977044702,1.0,0.0
1188,lstrcpyA,0.309963099631,0.0,0.463333731539,1.0,0.0
1189,lstrcpynA,0.0221402214022,0.0,0.147411727153,1.0,0.0
1190,lstrlenA,0.140221402214,0.0,0.347858989715,1.0,0.0
1191,lstrlenW,0.00369003690037,0.0,0.0607456739231,1.0,0.0
1192,malloc,0.413284132841,0.0,0.493333998204,1.0,0.0
1193,mbstowcs,0.0369003690037,0.0,0.188865975505,1.0,0.0
1194,memchr,0.0369003690037,0.0,0.188865975505,1.0,0.0
1195,memcmp,0.0516605166052,0.0,0.22175021623,1.0,0.0
1196,memcpy,0.250922509225,0.0,0.434346121466,1.0,0.0
1197,memmove,0.0959409594096,0.0,0.295055142714,1.0,0.0
1198,memset,0.391143911439,0.0,0.488909388664,1.0,0.0
1199,mouse_event,0.029520295203,0.0,0.169572858135,1.0,0.0
1200,msvcrt,0.00369003690037,0.0,0.0607456739231,1.0,0.0
1201,nNOTES,0.00369003690037,0.0,0.0607456739231,1.0,0.0
1202,ntdll,0.0184501845018,0.0,0.134821542919,1.0,0.0
1203,ntoskrnl,0.0,0.0,0.0,0.0,0.0
1204,ole32,0.0369003690037,0.0,0.188865975505,1.0,0.0
1205,ping,0.00369003690037,0.0,0.0607456739231,1.0,0.0
1206,printf,0.90405904059,1.0,0.7188095484,3.0,0.0
1207,qsort,0.0405904059041,0.0,0.1977044702,1.0,0.0
1208,raise,0.0184501845018,0.0,0.134821542919,1.0,0.0
1209,rand,0.431734317343,0.0,0.817600565501,2.0,0.0
1210,realloc,0.110701107011,0.0,0.314342151341,1.0,0.0
1211,rewind,0.0110701107011,0.0,0.104824185573,1.0,0.0
1212,scanf,0.346863468635,0.0,0.476852465531,1.0,0.0
1213,setlocale,0.0332103321033,0.0,0.179516913585,1.0,0.0
1214,signal,0.0479704797048,0.0,0.214099178851,1.0,0.0
1215,sprintf,0.0,0.0,0.0,0.0,0.0
1216,srand,0.0,0.0,0.0,0.0,0.0
1217,sscanf,0.0,0.0,0.0,0.0,0.0
1218,strcat,0.335793357934,0.0,0.473140823247,1.0,0.0
1219,strchr,0.413284132841,0.0,0.493333998204,1.0,0.0
1220,strcmp,0.151291512915,0.0,0.358995759649,1.0,0.0
1221,strcpy,0.328413284133,0.0,0.470504920713,1.0,0.0
1222,strerror,0.00369003690037,0.0,0.0607456739231,1.0,0.0
1223,strftime,0.0258302583026,0.0,0.158922158815,1.0,0.0
1224,strlen,0.380073800738,0.0,0.486302750253,1.0,0.0
1225,strncat,0.129151291513,0.0,0.335987790767,1.0,0.0
1226,strncmp,0.184501845018,0.0,0.388610572229,1.0,0.0
1227,strncpy,0.276752767528,0.0,0.448220937731,1.0,0.0
1228,strpbrk,0.00369003690037,0.0,0.0607456739231,1.0,0.0
1229,strrchr,0.306273062731,0.0,0.461797357327,1.0,0.0
1230,strstr,0.424354243542,0.0,0.495159016705,1.0,0.0
1231,strtok,0.0369003690037,0.0,0.188865975505,1.0,0.0
1232,strtoul,0.0405904059041,0.0,0.1977044702,1.0,0.0
1233,system,3.0221402214,3.0,0.147411727153,4.0,3.0
1234,time,1.26199261993,1.0,0.440532186512,2.0,1.0
1235,timeGetTime,0.0,0.0,0.0,0.0,0.0
1236,tolower,0.0442804428044,0.0,0.206098095004,1.0,0.0
1237,uninstall,0.0,0.0,0.0,0.0,0.0
1238,uninstallA,0.0,0.0,0.0,0.0,0.0
1239,urlmon,0.225092250923,0.0,0.418415762989,1.0,0.0
1240,vfprintf,0.0,0.0,0.0,0.0,0.0
1241,vsprintf,0.0,0.0,0.0,0.0,0.0
1242,wcscat,0.0442804428044,0.0,0.206098095004,1.0,0.0
1243,wcschr,0.00369003690037,0.0,0.0607456739231,1.0,0.0
1244,wcscmp,0.0442804428044,0.0,0.206098095004,1.0,0.0
1245,wcscpy,0.0442804428044,0.0,0.206098095004,1.0,0.0
1246,wcslen,0.0553505535055,0.0,0.229086282447,1.0,0.0
1247,wcsrchr,0.0332103321033,0.0,0.179516913585,1.0,0.0
1248,wcsstr,0.0405904059041,0.0,0.1977044702,1.0,0.0
1249,wcstombs,0.129151291513,0.0,0.335987790767,1.0,0.0
1250,wprintf,0.0,0.0,0.0,0.0,0.0
1251,wsprintfA,0.0,0.0,0.0,0.0,0.0
1252,wsprintfW,0.0,0.0,0.0,0.0,0.0
1253,wvsprintfA,0.0,0.0,0.0,0.0,0.0
1254,wvsprintfW,0.0,0.0,0.0,0.0,0.0
1255,vertex_count,580.509225092,284.0,897.250775728,4769.0,1.0
1256,edge_count,1109.77859779,298.0,2393.86635872,13057.0,0.0
1257,delta_max,74.8302583026,53.0,69.3389472055,384.0,0.0
1258,density,0.712433156801,0.438746438746,1.1936262999,11.0,0.0
1259,entropy,0.738200917417,0.73297813077,0.0687021260822,0.988136700434,0.436911918414
1260,file_size,98188.9372694,21504.0,186829.513655,1223948.0,6656.0
1261,file_id,2.10332103321,1.0,3.50085016715,44.0,1.0
1262,percentage,3.79520295203,2.5,2.29043402311,7.4,0.0
1263,trid_id,5.20664206642,1.0,7.74989319981,24.0,0.0
1264,packer_id,927.889298893,1111.0,393.649555931,1926.0,0.0
