file_name,edx,esi,es,fs,ds,ss,gs,cs,ah,al,ax,bh,bl,bx,ch,cl,cx,dh,dl,dx,eax,ebp,ebx,ecx,edi,esp,add,al.1,bt,call,cdq,cld,cli,cmc,cmp,const,cwd,daa,db,dd,dec,dw,endp,ends,faddp,fchs,fdiv,fdivp,fdivr,fild,fistp,fld,fstcw,fstcwimul,fstp,fword,fxch,imul,in,inc,ins,int,jb,je,jg,jge,jl,jmp,jnb,jno,jnz,jo,jz,lea,loope,mov,movzx,mul,near,neg,not,or,out,outs,pop,popf,proc,push,pushf,rcl,rcr,rdtsc,rep,ret,retn,rol,ror,sal,sar,sbb,scas,setb,setle,setnle,setnz,setz,shl,shld,shr,sidt,stc,std,sti,stos,sub,test,wait,xchg,xor
001dd76872d80801692ff942308c64e6,556,859,0,0,0,0,0,0,0,123,5,0,162,0,0,294,1,0,371,0,2111,547,452,1141,616,937,424,39,0,455,9,0,0,0,399,4,0,0,332,217,86,19,62,3,0,0,0,0,0,0,0,0,0,0,0,0,0,5,4,46,0,119,0,0,1,17,12,156,2,0,308,0,275,455,0,1634,0,0,62,16,86,112,0,0,357,0,0,1366,0,0,0,0,133,0,135,0,0,0,4,132,0,0,0,0,0,0,8,0,43,0,0,0,0,0,65,224,0,0,268
002325a0a67fded0381b5648d7fe9b8e,556,860,0,0,0,0,0,0,0,123,5,0,162,0,0,294,1,0,371,0,2113,547,453,1141,612,938,425,39,0,457,9,0,0,0,400,4,0,0,336,216,86,19,62,3,0,0,0,0,0,0,0,0,0,0,0,0,0,5,4,46,0,119,0,0,1,17,12,156,2,0,309,0,275,455,0,1633,0,0,62,16,86,113,0,0,358,0,0,1369,0,0,0,0,133,0,136,0,0,0,4,132,0,0,0,0,0,0,8,0,43,0,0,0,0,0,65,224,0,0,268
00dbb9e1c09dbdafb360f3163ba5a3de,983,2246,0,0,0,0,0,0,1,1289,9,1,181,30,3,240,2,4,109,15,3152,1734,1668,4087,1621,3356,666,609,0,1506,3,0,0,0,919,6,0,0,214,310,222,19,144,2,0,0,0,1,0,2,0,0,0,0,1,0,0,1,2,58,0,52,26,0,5,8,6,513,135,0,338,0,753,1104,0,5521,0,2,144,8,109,133,0,0,740,0,0,2810,0,0,2,0,138,0,255,0,0,0,23,19,0,0,0,0,4,0,23,0,71,0,0,0,0,0,276,262,0,0,279
0149b7bd7218aab4e257d28469fddb0d,76,376,0,0,0,0,0,0,0,62,0,0,29,3,0,22,0,0,13,0,1035,695,317,302,283,146,128,27,0,381,10,0,0,0,102,1,0,0,207,159,17,12,32,3,0,0,0,0,0,0,0,0,0,0,0,0,0,3,4,41,0,99,3,0,7,15,17,65,1,0,52,0,67,252,0,452,31,0,32,0,0,27,0,0,244,0,0,1040,0,0,0,0,24,0,43,0,0,0,8,0,0,0,0,0,1,0,29,0,26,0,0,0,0,0,24,65,0,0,49
01e0dc079d4e33d8edd050c4900818da,1107,2517,0,0,0,0,0,0,1,1244,13,3,229,30,3,255,5,6,121,15,3850,2109,1804,4350,1800,3322,744,586,0,1589,5,8,0,0,1091,30,0,0,338,1335,255,26,403,3,0,0,0,1,0,2,0,1,0,0,1,0,0,4,3,98,0,82,58,0,13,14,14,630,150,0,434,0,824,1208,0,5822,9,4,402,5,113,157,0,0,798,0,0,3103,0,0,0,0,145,0,268,0,0,0,34,17,0,0,0,0,4,0,33,0,92,0,0,8,0,0,339,342,0,0,297
02c65973b6018f5d473d701b3e7508b2,1025,2675,2,2,2,2,2,2,35,455,52,3,121,9,0,260,50,9,372,26,5982,3815,1683,2593,2190,1019,721,191,2,1790,20,12,0,0,1361,5,0,0,344,1123,157,123,383,3,0,0,0,0,0,0,0,0,0,0,0,0,0,20,5,331,0,135,110,0,37,27,68,669,39,0,796,0,1073,717,0,4709,172,11,383,27,20,263,0,0,1229,0,0,3144,2,0,4,0,43,0,456,0,0,0,82,39,0,0,0,0,4,6,87,2,57,0,0,9,0,0,296,744,0,2,507
034374db2d35cf9da6558f54cec8a455,903,494,0,0,0,0,0,0,3,228,1,0,9,0,0,54,3,1,80,3,1695,1573,388,2074,631,574,295,88,0,631,4,0,0,0,246,6,0,0,351,519,57,28,73,3,0,0,0,0,0,1,0,0,0,0,1,0,0,7,5,18,0,37,3,0,1,3,3,241,27,0,210,0,209,427,0,2457,0,0,74,2,121,159,0,0,232,0,0,1164,0,0,0,0,190,0,90,0,0,0,0,13,0,0,0,0,0,1,0,0,77,0,0,0,0,0,216,191,0,0,256
0496e3b17cf40c45f495188a368c203a,339,502,0,0,0,0,0,0,0,51,7,0,44,8,0,85,15,0,102,6,942,216,320,727,370,637,201,24,0,271,6,0,0,0,98,1,0,0,145,155,47,22,49,3,0,0,0,0,0,0,0,0,0,0,0,0,0,2,3,29,0,95,2,0,0,10,24,37,2,0,79,0,53,262,0,878,0,1,49,1,45,65,0,0,221,0,0,668,0,0,0,0,84,0,78,0,0,0,19,18,0,0,0,0,0,0,27,0,36,0,0,0,0,0,69,81,0,0,132
052ec04866e4a67f31845d656531830d,556,860,0,0,0,0,0,0,0,123,5,0,162,0,0,294,1,0,371,0,2113,547,453,1141,612,938,425,39,0,457,9,0,0,0,400,4,0,0,335,215,86,19,62,3,0,0,0,0,0,0,0,0,0,0,0,0,0,5,4,46,0,119,0,0,1,17,12,156,2,0,309,0,275,455,0,1633,0,0,62,16,86,113,0,0,358,0,0,1369,0,0,0,0,133,0,136,0,0,0,4,132,0,0,0,0,0,0,8,0,43,0,0,0,0,0,65,224,0,0,268
065e63afdfa539727f63af7530b22d2f,624,2038,0,0,0,0,0,0,0,298,26,2,52,14,2,93,10,1,48,15,3665,2070,1356,1368,1417,490,509,179,0,1077,3,0,0,0,450,1,0,0,909,388,68,42,152,3,0,0,0,0,0,0,0,1,0,0,1,0,0,10,4,147,0,212,32,0,24,19,39,247,17,0,213,0,258,825,0,2250,87,4,152,8,52,169,0,0,613,0,0,2923,0,0,0,0,39,0,164,0,0,0,14,10,0,0,0,0,1,3,133,0,182,0,0,0,0,0,101,177,0,0,283
0908d8b3e459551039bade50930e4c1b,2457,4728,3,3,3,3,3,3,27,698,163,3,534,32,2,482,99,3,305,57,10137,5917,2984,5286,3700,3827,1360,307,2,2940,41,12,0,0,2643,3,0,0,601,1605,264,52,647,3,0,0,1,0,0,0,1,5,2,0,3,0,0,43,5,638,0,164,304,0,74,74,116,1270,157,0,1276,0,1518,1738,0,9154,280,16,647,58,42,490,0,0,1819,2,0,5979,5,0,6,0,48,0,686,0,0,0,111,42,0,0,0,2,9,16,164,2,152,0,0,9,0,0,594,997,0,2,1036
09531f851ef74a7238685fd287a395bd,176,208,0,0,0,0,0,0,0,35,1,0,27,1,0,24,3,0,37,3,551,138,122,562,266,499,80,18,0,218,3,0,0,0,56,17,0,0,153,122,52,19,42,3,0,0,0,0,0,1,0,0,0,0,1,0,0,1,4,8,0,11,0,0,1,3,4,65,0,0,54,0,54,229,0,519,0,0,42,0,60,72,0,0,79,0,0,477,0,0,0,0,73,0,36,0,0,0,1,8,0,0,1,1,0,0,0,0,21,0,0,0,0,0,29,59,0,0,96
097b5abb53a3d84fa9eabda02fef9e91,9,18,0,0,0,0,0,0,0,8,0,0,1,0,1,1,0,1,0,0,41,50,15,27,21,16,6,4,0,11,0,1,0,0,1,0,0,0,23,245,0,2,1,3,0,0,0,0,0,0,0,0,0,0,0,0,0,0,7,8,0,4,0,0,0,2,0,15,0,0,18,0,25,4,0,44,0,0,1,0,0,3,2,0,14,0,0,47,0,0,0,0,3,0,6,0,0,0,0,0,0,0,0,0,0,0,0,0,0,0,0,0,0,0,6,8,0,0,8
09d372e4259980ac95fdadf1846578d9,130,200,0,0,0,0,0,0,0,38,0,0,0,0,0,31,0,0,29,0,387,131,165,321,185,263,84,18,0,112,6,0,0,0,32,0,0,0,24,38,27,1,13,3,0,0,0,0,0,0,0,0,0,0,0,0,0,1,3,12,0,39,0,0,1,4,9,28,0,0,26,0,19,91,0,357,0,1,13,2,26,37,0,0,97,0,0,272,0,0,0,0,35,0,27,0,0,0,12,1,0,0,0,0,0,0,19,0,19,0,0,0,0,0,40,31,0,0,47
0b506c6dde8d07f9eeb82fd01a6f97d4,2961,5103,3,3,3,3,3,3,27,666,174,3,534,39,2,527,139,3,273,72,10766,5704,3327,5803,3804,4100,1536,292,2,3130,34,12,0,0,2707,3,0,0,730,1837,238,58,657,3,0,0,1,0,0,0,1,5,2,0,3,0,0,72,6,595,0,187,322,0,74,77,117,1272,136,0,1290,0,1530,1896,0,9725,310,21,657,51,39,492,0,0,1848,2,0,6419,5,0,6,0,59,0,704,0,0,0,144,39,0,0,0,2,10,17,160,0,199,0,0,9,0,0,680,1015,0,2,1114
0b680e7bd5c0501d5dd73164122a7faf,697,34,0,0,0,0,0,0,0,51,0,0,0,0,0,72,2,0,80,2,793,2345,0,723,5,130,383,34,0,90,6,0,0,0,157,0,0,0,34,49,6,7,19,3,0,0,0,0,0,0,0,0,0,0,0,0,0,26,3,6,0,11,0,0,10,117,0,258,3,0,22,0,9,126,0,2005,0,0,19,0,0,7,0,0,27,0,0,221,0,0,0,0,4,0,21,0,0,0,13,0,0,0,0,0,0,0,30,0,0,0,0,0,0,0,63,11,0,0,16
0c28ad34f90950bc784339ec9f50d288,1464,3188,0,0,0,0,0,0,3,1623,15,3,290,55,3,336,8,6,145,20,4801,2723,2364,5615,2282,4724,1040,764,0,2145,7,8,0,0,1350,30,0,0,257,1668,301,31,531,3,0,0,0,1,0,2,0,1,0,0,1,0,0,4,3,114,0,126,61,0,20,23,16,846,177,0,560,0,1078,1617,0,7645,16,4,530,8,139,192,0,0,970,0,0,4141,0,0,0,0,165,0,318,0,0,0,48,21,0,0,0,0,7,0,49,0,103,0,0,8,0,0,473,483,0,0,344
0c5e9f564115bfcbee66377a829de55f,52,379,0,0,0,0,0,0,0,26,0,0,17,0,0,58,0,0,0,0,729,600,258,297,258,91,66,10,0,370,0,0,0,0,189,0,0,0,224,98,11,16,33,3,0,0,0,0,0,0,0,0,0,0,0,0,0,1,3,30,0,65,10,0,10,9,17,104,8,0,84,0,125,181,0,396,1,0,33,0,2,11,0,0,213,0,0,837,0,0,0,0,11,0,33,0,0,0,0,0,0,0,0,0,0,0,8,0,13,0,0,0,0,0,23,73,0,0,43
0ca6e2ad69826c8e3287fc8576112814,209,235,0,0,0,0,0,0,0,35,1,0,34,1,0,32,3,0,51,3,567,142,155,636,287,509,88,18,0,208,3,0,0,0,79,20,0,0,220,108,60,26,43,3,0,0,0,0,0,1,0,0,0,0,1,0,0,1,4,8,0,17,0,0,1,3,4,68,0,0,68,0,58,245,0,563,0,0,43,0,68,87,0,0,83,0,0,453,0,0,0,0,89,0,37,0,0,0,1,12,0,0,1,1,0,0,0,0,28,0,0,0,0,0,36,54,0,0,106
0d0240672a314a7547d328f824642da8,243,707,0,0,0,0,0,0,1,67,3,0,27,0,0,12,0,0,11,0,1365,832,422,868,410,593,190,22,0,644,1,0,0,0,163,25,0,0,223,526,22,27,120,3,0,0,0,0,0,0,0,1,0,0,0,0,0,0,6,16,0,86,2,0,2,4,6,110,1,0,98,0,148,332,0,1377,0,1,120,2,23,51,0,0,321,0,0,1339,0,0,0,0,59,0,126,0,0,0,6,3,0,0,0,0,0,1,10,0,13,0,0,0,0,0,76,93,0,0,117
0dd3677594632ce270bcf8af94819caf,214,287,0,0,0,0,0,0,0,41,0,0,28,2,0,75,0,0,77,0,673,177,235,516,263,461,146,19,0,214,7,0,0,0,68,1,0,0,106,61,44,18,21,3,0,0,0,0,0,0,0,0,0,0,0,0,0,2,3,11,0,46,2,0,1,7,7,32,0,0,67,0,42,190,0,534,0,1,21,1,47,61,0,0,160,0,0,581,0,0,0,0,51,0,48,0,0,0,13,18,0,0,0,0,0,0,17,0,27,0,0,0,0,0,51,64,0,0,87
120c2e085992ff59a21ba401ec29fec9,334,322,0,0,0,0,0,0,0,19,9,0,30,3,1,279,16,0,113,13,1403,171,205,678,370,853,122,5,0,255,0,0,0,0,177,0,0,0,196,205,46,0,40,3,0,0,0,0,0,1,0,0,0,0,0,0,0,0,3,116,0,15,10,0,2,0,91,58,4,0,86,0,96,260,0,1105,0,0,40,1,53,80,0,0,149,0,0,699,0,0,0,0,83,0,69,0,0,0,1,2,0,0,0,0,0,0,1,0,131,0,0,0,0,0,60,122,0,0,272
123505024f9e5ff74cb6aa67d7fcc392,3128,5539,3,3,3,3,3,3,27,692,178,3,545,42,2,546,149,3,284,72,11740,6301,3709,6111,4155,4162,1628,299,2,3351,77,12,0,0,3001,3,0,0,715,1840,263,51,701,3,0,0,1,0,0,0,1,5,2,0,3,0,0,87,6,641,0,202,328,0,92,97,136,1364,159,0,1418,0,1702,1908,0,10392,336,25,701,71,42,517,0,0,2054,2,0,7180,5,0,10,0,60,0,757,0,0,0,146,60,0,0,0,2,10,17,163,0,201,0,0,9,0,0,718,1122,0,3,1162
12f25ce81596aeb19e75cc7ef08f3a38,15406,18526,197,0,0,12,0,2,122,1240,15,51,662,10,89,1581,11,122,1617,18,37068,11013,12717,17313,14169,23259,10055,464,0,8986,99,0,0,0,4196,24,0,0,3166,10208,790,72,1314,3,0,1,0,0,0,5,0,10,0,0,6,0,0,72,5,2026,0,173,137,0,356,287,532,2110,362,0,3535,0,5141,2914,0,35513,7,116,1314,167,212,1930,0,0,7721,0,0,25074,0,0,0,0,423,0,3429,488,52,0,164,311,0,0,7,7,11,13,680,0,1201,0,0,0,0,0,847,6633,0,0,4909
1328eaceb140a3863951d18661b097af,1859,1171,0,0,0,0,0,0,0,234,33,0,77,5,0,159,24,0,135,11,3559,1046,1805,1153,780,951,388,104,0,1203,12,0,0,0,767,1,0,0,133,408,106,31,301,2,0,0,0,0,0,0,0,0,0,0,0,0,0,11,3,223,0,91,34,0,23,40,48,585,37,0,480,0,517,518,0,3402,66,0,301,0,1,66,0,0,551,0,0,1675,0,0,0,0,0,0,306,0,0,0,4,0,0,0,0,0,4,4,52,0,54,0,0,0,0,0,158,421,0,3,581
13f0b56c28995e4efc8da784ad862853,54,150,0,0,0,0,0,0,0,7,2,0,0,0,0,2,0,0,0,0,201,63,70,147,107,128,34,3,0,90,1,0,0,0,10,0,0,0,63,66,9,9,18,3,0,0,0,0,0,0,0,0,0,0,0,0,0,0,4,6,0,17,1,0,0,1,3,9,0,0,8,0,26,49,0,199,0,0,18,0,11,13,0,0,61,0,0,199,0,0,0,0,12,0,28,0,0,0,0,0,0,0,0,0,0,0,0,0,4,0,0,0,0,0,15,33,0,0,31
1415eb8519d13328091cc5c76a624e3d,76,376,0,0,0,0,0,0,0,62,0,0,29,3,0,22,0,0,13,0,1035,695,317,302,283,146,128,27,0,381,10,0,0,0,102,1,0,0,209,159,17,12,32,3,0,0,0,0,0,0,0,0,0,0,0,0,0,3,4,41,0,99,3,0,7,15,17,65,1,0,52,0,67,252,0,452,31,0,32,0,0,27,0,0,244,0,0,1040,0,0,0,0,24,0,43,0,0,0,8,0,0,0,0,0,1,0,29,0,26,0,0,0,0,0,24,65,0,0,49
15244d2321faa3a271ff0b1e5a23148f,1058,1318,0,0,0,0,0,0,3,416,105,0,35,29,2,78,18,1,55,39,2216,722,808,2318,717,1486,309,181,0,708,7,0,0,0,344,67,0,0,496,407,128,22,153,3,0,0,0,0,0,0,0,0,0,0,0,0,0,4,4,64,0,22,6,0,7,11,22,169,20,0,204,0,301,642,0,2851,8,7,153,2,79,97,0,0,369,0,0,1639,0,0,0,1,158,0,152,0,0,0,5,8,0,0,0,0,3,0,15,0,89,0,0,0,0,0,106,230,0,0,223
15901ddbccc5e9e0579fc5b42f754fe8,262,846,0,0,0,0,0,0,0,170,8,0,59,0,0,365,7,0,98,0,2447,1067,422,679,839,421,207,62,0,736,2,0,0,0,242,2,0,0,268,325,86,38,56,3,0,0,1,0,0,2,0,0,0,0,1,0,0,5,9,263,0,195,8,0,6,22,41,133,5,0,328,0,169,511,0,1444,2,1,56,5,8,17,0,0,287,0,0,1703,0,0,0,0,77,0,47,0,0,0,0,4,0,0,0,0,0,1,2,0,47,0,0,0,0,0,173,267,0,0,183
165ef79e7caa806f13f82cc2bbf3dedd,37,149,0,0,0,0,0,0,0,27,2,0,6,2,0,21,0,0,0,0,431,282,182,132,114,116,47,10,0,208,0,0,0,0,51,0,0,0,75,73,2,16,10,3,0,0,0,0,0,0,0,0,0,0,0,0,0,0,4,9,0,60,0,0,3,10,11,32,1,0,21,0,41,85,0,228,0,0,10,0,0,14,0,0,85,0,0,515,0,0,0,0,19,0,15,0,0,0,6,0,0,0,0,0,0,0,23,0,20,0,0,0,0,0,15,34,0,0,25
17199ddac616938f383a0339f416c890,309,433,0,0,0,0,0,0,1,54,3,0,23,0,0,14,0,0,14,0,1260,1446,324,797,246,379,239,21,0,702,0,0,0,0,184,11,0,0,97,512,9,10,133,3,0,0,0,0,0,0,0,2,0,0,1,0,0,4,6,10,0,118,0,0,1,5,6,151,2,0,99,0,130,287,0,1468,0,0,133,2,0,21,0,0,258,0,0,1387,0,0,0,0,16,0,122,0,0,0,6,3,0,0,0,0,0,1,8,0,0,0,0,0,0,0,66,64,0,0,75
173cd315008897e56fa812f2b2843f83,102,106,0,0,0,0,0,0,0,43,1,0,21,1,0,20,0,0,11,0,263,73,60,222,137,184,59,16,0,97,0,0,0,0,28,1,0,0,60,72,17,4,12,3,0,0,0,0,0,0,0,0,0,0,0,0,0,0,4,11,0,20,0,0,2,1,7,11,0,0,16,0,24,70,0,228,0,0,12,0,24,34,0,0,76,0,0,243,0,0,0,0,28,0,29,0,0,0,0,0,0,0,0,0,0,0,8,0,18,0,0,0,0,0,25,26,0,0,46
17f5a2e0997b59449ca2120b20b5b7ce,206,295,0,0,0,0,0,0,0,48,0,0,23,1,0,82,0,0,78,0,623,199,206,493,269,477,136,23,0,209,7,0,0,0,51,1,0,0,112,65,39,20,21,3,0,0,0,0,0,0,0,0,0,0,0,0,0,1,3,12,0,46,1,0,1,4,8,29,0,0,63,0,39,173,0,560,0,1,21,1,45,58,0,0,161,0,0,562,0,0,0,0,48,0,47,0,0,0,12,16,0,0,0,0,0,0,16,0,26,0,0,0,0,0,53,69,0,0,79
1a0c7e61bcc50d57b7bcf9d9af691de5,48,769,0,0,0,0,0,0,0,54,2,0,26,0,0,8,0,0,11,0,1355,1070,469,549,424,311,161,22,0,687,0,0,0,0,178,11,0,0,140,494,29,16,124,3,0,0,0,0,0,0,0,12,0,0,10,0,0,3,6,18,0,114,1,0,2,4,6,140,1,0,92,0,161,309,0,1125,0,0,124,2,0,30,0,0,306,0,0,1427,0,0,0,0,11,0,105,0,0,0,6,3,0,0,0,0,0,1,7,0,1,0,0,0,0,0,68,64,0,0,90
1c16bd1488163c03cd506c2f71486a0f,25,374,0,0,0,0,0,0,0,20,0,0,25,0,0,7,0,0,20,0,786,487,267,308,311,133,107,13,0,469,9,0,0,0,63,4,0,0,233,167,26,27,46,3,0,0,0,0,0,0,0,0,0,0,0,0,0,3,4,19,0,61,4,0,0,4,4,58,8,0,39,0,67,157,0,414,7,0,46,2,0,8,0,0,281,0,0,962,0,0,0,0,13,0,49,0,0,0,2,1,0,0,0,0,1,0,4,0,0,0,0,0,0,0,20,69,0,0,61
1ca3ca9ec20474d07fc798f2b41e2625,100,119,0,0,0,0,0,0,0,33,0,0,8,0,0,13,2,0,18,6,252,51,64,216,115,211,51,14,0,68,1,0,0,0,11,0,0,0,45,132,20,4,17,3,0,0,0,0,0,0,0,0,0,0,0,0,0,0,3,13,0,5,0,0,1,1,7,5,0,0,12,0,17,97,0,231,0,0,17,0,16,17,0,0,70,0,0,265,0,0,0,0,38,0,26,0,0,0,6,0,0,0,0,0,0,1,7,0,7,0,0,0,0,0,14,27,0,0,37
1ce4605e771a04e375e0d1083f183e8e,44,415,0,0,0,0,0,0,0,31,0,0,14,2,0,24,0,0,0,2,777,606,299,289,291,111,68,10,0,386,1,0,0,0,169,0,0,0,237,113,14,26,40,3,0,0,0,0,0,0,0,0,0,0,0,0,0,1,3,38,0,58,6,0,2,0,3,89,2,0,90,0,159,183,0,407,2,0,40,2,2,5,0,0,280,0,0,972,0,0,0,0,1,0,40,0,0,0,1,1,0,0,0,0,0,0,1,0,2,0,0,0,0,0,28,85,0,0,51
1e5ec6c06e4f6bb958dcbb9fc636009d,59,75,0,0,0,0,0,0,0,24,1,0,0,0,0,5,0,0,3,0,202,54,42,166,79,88,21,8,0,59,6,0,0,0,43,4,0,0,74,52,11,13,11,1,0,0,0,0,0,0,0,0,0,0,0,0,0,4,1,2,0,14,0,0,6,0,5,35,0,0,29,0,20,55,0,139,0,0,11,0,11,14,0,0,46,0,0,138,0,0,0,0,24,0,17,0,0,0,0,0,0,0,0,0,0,0,0,0,9,0,0,0,0,0,23,12,0,0,28
1ea61a0945bde3c6f41e12bc01928d37,504,1055,0,0,0,0,0,0,0,565,0,0,124,4,1,107,0,5,44,2,1685,1085,922,1985,721,1184,269,263,0,629,1,8,0,0,431,27,0,0,266,843,103,24,194,3,0,0,0,0,0,0,0,0,0,0,0,0,0,0,3,33,0,32,26,0,2,6,2,255,59,0,148,0,333,514,0,2689,0,4,193,2,67,83,0,0,362,0,0,1226,0,0,0,0,105,0,137,0,0,0,9,6,0,0,0,0,0,0,12,0,54,0,0,8,0,0,127,137,0,0,142
1f2eb7b090018d975e6d9b40868c94ca,105,130,0,0,0,0,0,0,0,6,1,0,11,2,0,9,0,0,3,0,254,42,70,185,97,178,38,4,0,97,0,0,0,0,16,0,0,0,27,61,9,8,18,3,0,0,0,0,0,0,0,0,0,0,0,0,0,0,3,3,0,14,0,0,1,0,3,4,0,0,10,0,23,59,0,209,0,0,18,0,9,18,0,0,58,0,0,253,0,0,0,0,15,0,25,0,0,0,2,0,0,0,0,0,0,1,11,0,19,0,0,0,0,0,15,27,0,0,42
1f92ff8711716ca795fbd81c477e45f5,14,312,0,0,0,0,0,0,0,2,0,0,12,2,0,12,0,0,4,2,587,447,218,194,206,84,49,1,0,306,0,0,0,0,122,0,0,0,233,100,10,19,31,3,0,0,0,0,0,0,0,0,0,0,0,0,0,1,3,23,0,44,6,0,2,0,1,77,1,0,67,0,106,141,0,279,0,0,31,0,2,4,0,0,197,0,0,758,0,0,0,0,2,0,33,0,0,0,1,0,0,0,0,0,0,0,1,0,1,0,0,0,0,0,17,60,0,0,36
225e33508861984dd2a774760bfdfc52,37,142,0,0,0,0,0,0,0,27,5,0,6,1,0,21,0,0,0,0,498,326,159,122,137,101,51,10,0,200,0,0,0,0,54,0,0,0,82,69,2,14,12,3,0,0,0,0,0,0,0,0,0,0,0,0,0,0,3,6,0,61,0,0,5,12,12,28,0,0,17,0,45,123,0,239,2,0,12,0,0,15,0,0,78,0,0,490,0,0,0,0,16,0,17,0,0,0,6,0,0,0,0,0,0,0,23,0,20,0,0,0,0,0,16,36,0,0,23
23059de2797774bbdd9b21f979aaec51,200,209,0,0,0,0,0,0,0,30,1,0,21,1,0,14,0,0,18,0,490,105,139,379,200,372,94,7,0,154,7,0,0,0,40,0,0,0,72,172,26,2,26,3,0,0,0,0,0,0,0,0,0,0,0,0,0,4,3,23,0,14,4,0,1,1,7,13,2,0,41,0,38,148,0,450,0,0,26,1,14,25,0,0,122,0,0,478,0,0,0,0,62,0,51,0,0,0,11,1,0,0,0,0,0,1,14,0,23,0,0,0,0,0,25,54,0,0,77
2479a9a50308cb72fcd5e4e18ef06468,37,218,0,0,0,0,0,0,0,32,5,0,10,1,0,23,0,0,0,0,594,422,184,143,139,103,59,12,0,248,0,0,0,0,67,0,0,0,72,157,12,3,20,3,0,0,0,0,0,0,0,0,0,0,0,0,0,1,4,12,0,57,1,0,4,12,12,40,0,0,30,0,61,140,0,298,2,0,20,0,0,17,0,0,96,0,0,656,0,0,0,0,19,0,25,0,0,0,6,0,0,0,0,0,0,0,23,0,20,0,0,0,0,0,25,39,0,0,32
268eef019bf65b2987e945afaf29643f,14526,17698,135,0,0,12,0,2,107,1176,16,49,667,8,80,1425,10,120,1549,16,35794,10692,12361,16163,13593,22615,9645,434,0,9172,84,0,0,0,3952,1,0,0,2955,12563,781,12,1415,3,0,1,0,0,0,6,0,10,0,0,7,0,0,70,10,1945,0,260,122,0,354,248,500,2001,348,0,3386,0,5020,2957,0,33597,1,116,1415,160,206,1792,0,0,7293,0,0,25113,0,0,0,0,379,0,3192,488,52,0,122,293,0,0,7,7,9,13,621,0,1158,0,0,0,0,0,747,6440,0,0,4734
270d42f292105951ee81e4085ea45054,210,282,0,0,0,0,0,0,0,41,0,0,28,2,0,75,0,0,77,0,665,166,225,501,265,455,144,19,0,211,7,0,0,0,68,1,0,0,99,62,42,17,21,3,0,0,0,0,0,0,0,0,0,0,0,0,0,2,3,11,0,46,2,0,0,5,7,32,2,0,66,0,42,188,0,524,0,1,21,1,44,58,0,0,153,0,0,565,0,0,0,0,49,0,47,0,0,0,13,18,0,0,0,0,0,0,17,0,26,0,0,0,0,0,50,63,0,0,85
277964807a66aeeb6bd81dbfcaa3e4e6,68,79,0,0,0,0,0,0,0,48,1,0,0,0,0,0,0,2,0,0,140,17,26,155,92,55,27,24,0,26,0,8,0,0,29,1,0,0,214,346,6,29,8,3,0,0,0,0,0,0,0,0,0,0,0,0,0,0,3,6,0,6,26,0,0,2,0,31,0,0,10,0,1,10,0,135,0,8,8,4,2,7,0,0,22,0,0,75,0,0,4,0,20,0,18,0,0,0,0,3,0,0,0,0,0,0,0,0,21,0,0,8,0,0,16,5,0,1,12
29c691978af80dc23c4df96b5f6076bb,614,1906,0,0,0,0,0,0,0,287,22,2,56,12,2,89,10,1,48,15,3553,2109,1282,1303,1392,495,507,177,0,971,2,0,0,0,443,1,0,0,874,366,69,46,154,3,0,0,0,0,0,0,0,1,0,0,1,0,0,7,6,143,0,188,29,0,20,21,40,238,16,0,207,0,288,758,0,2214,86,4,154,7,52,165,0,0,616,0,0,2740,0,0,0,0,40,0,166,0,0,0,14,10,0,0,0,0,1,3,132,0,182,0,0,0,0,0,101,204,0,0,287
2b659d71ae168e774faaf38db30f4a84,25,374,0,0,0,0,0,0,0,20,0,0,25,0,0,7,0,0,20,0,786,488,267,308,311,133,107,13,0,470,9,0,0,0,63,4,0,0,230,164,26,28,46,3,0,0,0,0,0,0,0,0,0,0,0,0,0,3,4,19,0,61,4,0,0,4,4,58,8,0,39,0,67,157,0,414,7,0,46,2,0,8,0,0,281,0,0,964,0,0,0,0,13,0,49,0,0,0,2,1,0,0,0,0,1,0,4,0,0,0,0,0,0,0,20,69,0,0,61
2ba0d0083976a5c1e3315413cdcffcd2,113,139,0,0,0,0,0,0,0,6,1,0,11,2,0,9,0,0,3,0,279,47,75,195,108,202,39,4,0,117,0,0,0,0,16,0,0,0,61,60,9,13,19,3,0,0,0,0,0,0,0,0,0,0,0,0,0,0,3,3,0,14,0,0,1,0,3,5,0,0,10,0,27,71,0,225,0,0,19,0,9,18,0,0,62,0,0,289,0,0,0,0,15,0,26,0,0,0,2,0,0,0,0,0,0,1,11,0,19,0,0,0,0,0,16,31,0,0,44
2bd02b41817d227058522cca40acd390,2483,4785,3,3,3,3,3,3,27,698,164,3,540,34,2,488,105,3,313,57,10309,5971,3053,5338,3789,3878,1378,307,2,3011,41,12,0,0,2693,3,0,0,467,1694,269,27,652,3,0,0,1,0,0,0,1,5,2,0,3,0,0,43,6,653,0,172,307,0,74,75,122,1291,157,0,1306,0,1543,1758,0,9268,280,16,652,58,42,492,0,0,1844,2,0,6104,5,0,6,0,48,0,698,0,0,0,113,44,0,0,0,2,9,16,164,2,152,0,0,9,0,0,600,1020,0,2,1049
2c49f47c98203b110799ab622265f4ef,339,502,0,0,0,0,0,0,0,51,7,0,44,8,0,85,15,0,102,6,939,216,317,720,368,637,201,24,0,272,6,0,0,0,98,2,0,0,146,155,46,22,49,3,0,0,0,0,0,0,0,0,0,0,0,0,0,2,3,29,0,95,2,0,0,10,24,37,2,0,79,0,53,262,0,874,0,1,49,1,44,63,0,0,221,0,0,673,0,0,0,0,82,0,78,0,0,0,19,18,0,0,0,0,0,0,27,0,35,0,0,0,0,0,68,81,0,0,131
2daa4a4574ba06aa3203ae0e0b45b3b8,513,2280,0,0,0,0,0,0,0,442,202,0,180,19,0,105,68,0,25,25,5643,3005,1171,1725,1482,664,292,224,0,1750,55,0,0,0,1290,38,0,0,129,499,132,78,387,4,0,0,0,0,0,0,0,0,0,0,0,0,0,19,4,325,0,433,90,0,67,20,56,599,55,0,651,0,870,876,0,3345,237,13,387,56,5,99,0,0,664,0,0,3814,0,0,6,0,9,0,387,0,0,0,14,66,0,0,0,0,5,8,52,0,55,0,0,0,0,0,230,428,0,2,445
2dd892986b2249b5214639ecc8ac0223,113,139,0,0,0,0,0,0,0,6,1,0,11,2,0,9,0,0,3,0,279,47,75,195,108,202,39,4,0,117,0,0,0,0,16,0,0,0,61,60,9,13,19,3,0,0,0,0,0,0,0,0,0,0,0,0,0,0,3,3,0,14,0,0,1,0,3,5,0,0,10,0,27,71,0,225,0,0,19,0,9,18,0,0,62,0,0,289,0,0,0,0,15,0,26,0,0,0,2,0,0,0,0,0,0,1,11,0,19,0,0,0,0,0,16,31,0,0,44
2f930d92dc5ebc9d53ad2a2b451ebf65,556,859,0,0,0,0,0,0,0,123,5,0,162,0,0,294,1,0,371,0,2111,547,452,1141,616,937,424,39,0,455,9,0,0,0,399,4,0,0,332,217,86,19,62,3,0,0,0,0,0,0,0,0,0,0,0,0,0,5,4,46,0,119,0,0,1,17,12,156,2,0,308,0,275,455,0,1634,0,0,62,16,86,112,0,0,357,0,0,1366,0,0,0,0,133,0,135,0,0,0,4,132,0,0,0,0,0,0,8,0,43,0,0,0,0,0,65,224,0,0,268
2fccaa39533de02490b1c6395878dd79,625,2059,0,0,0,0,0,0,0,315,26,2,51,14,2,93,10,1,48,15,3695,2087,1361,1372,1418,494,511,180,0,1092,4,0,0,0,453,1,0,0,911,396,68,44,155,3,0,0,0,0,0,0,0,1,0,0,1,0,0,10,4,149,0,215,32,0,25,19,40,248,17,0,211,0,258,836,0,2269,87,4,155,8,52,169,0,0,622,0,0,2952,0,0,0,0,39,0,182,0,0,0,14,10,0,0,0,0,1,3,133,0,182,0,0,0,0,0,101,176,0,0,283
30e78d186b27d2023a2a7319bb679c3f,254,375,0,0,0,0,0,0,1,8,3,0,7,0,0,7,0,0,11,2,779,186,184,722,428,439,109,3,0,238,0,0,0,0,54,0,0,0,257,118,55,25,37,3,0,0,0,0,0,0,0,0,0,0,0,0,0,0,3,19,0,15,7,0,2,0,1,61,1,0,67,0,101,146,0,809,0,0,37,0,65,103,0,0,159,0,0,581,0,0,0,0,103,0,62,0,0,0,1,0,0,0,0,0,0,0,2,0,50,0,0,0,0,0,68,128,0,0,96
3107de21e480ab1f2d67725f419b28d0,2961,5103,3,3,3,3,3,3,27,666,174,3,534,39,2,527,139,3,273,72,10766,5704,3327,5803,3804,4100,1536,292,2,3130,34,12,0,0,2707,3,0,0,730,1837,238,58,657,3,0,0,1,0,0,0,1,5,2,0,3,0,0,72,6,595,0,187,322,0,74,77,117,1272,136,0,1290,0,1530,1896,0,9725,310,21,657,51,39,492,0,0,1848,2,0,6419,5,0,6,0,59,0,704,0,0,0,144,39,0,0,0,2,10,17,160,0,199,0,0,9,0,0,680,1015,0,2,1114
3120fc8630c5252002f26f6e11b09eca,52,92,0,0,0,0,0,0,0,24,0,0,0,0,0,2,0,3,0,0,149,28,27,163,106,49,26,13,0,34,0,8,0,0,17,1,0,0,179,226,8,30,3,3,0,0,0,0,0,0,0,0,0,0,0,0,0,0,3,4,0,6,16,0,0,0,0,21,0,0,9,0,5,28,0,140,0,0,3,2,5,8,0,0,25,0,0,79,0,0,0,0,18,0,11,0,0,0,0,0,0,0,0,0,0,0,0,0,14,0,0,8,0,0,18,13,0,0,8
31e5e58dbdfad05175613e795298ebb5,1158,3860,0,0,0,0,0,0,0,914,211,0,299,29,0,256,80,0,151,45,7502,3886,1746,2954,2353,680,503,452,0,2165,26,0,0,0,1479,41,0,0,210,419,187,66,490,4,0,0,0,0,0,0,0,0,0,0,0,0,0,64,6,450,0,492,82,0,35,38,100,777,90,0,740,0,1075,1397,0,4839,423,11,490,77,12,85,0,0,880,0,0,4566,0,0,4,0,6,0,480,10,6,0,33,74,0,2,0,1,11,7,72,1,122,0,0,0,0,0,315,602,0,1,556
321d75c9990408db812e5a248a74f8c8,1094,2470,0,0,0,0,0,0,1,1226,13,3,231,30,4,259,5,6,117,15,3819,2088,1778,4304,1784,3299,736,577,0,1572,5,8,0,0,1083,30,0,0,281,1324,253,25,401,3,0,0,0,1,0,2,0,3,0,0,1,0,0,4,3,95,0,81,58,0,13,14,14,625,146,0,431,0,813,1205,0,5759,9,4,400,5,112,154,0,0,790,0,0,3060,0,0,0,0,139,0,265,0,0,0,34,18,0,0,0,0,4,0,33,0,89,0,0,8,0,0,335,335,0,0,296
33de5067a433a6ec5c328067dc18ec37,115,139,0,0,0,0,0,0,0,7,1,0,7,2,0,9,0,0,3,0,277,47,61,190,106,199,39,5,0,117,0,0,0,0,13,0,0,0,61,60,8,13,19,3,0,0,0,0,0,0,0,0,0,0,0,0,0,0,3,3,0,14,0,0,1,0,3,5,0,0,10,0,27,69,0,222,0,0,19,0,8,17,0,0,60,0,0,288,0,0,0,0,14,0,26,0,0,0,2,0,0,0,0,0,0,1,11,0,19,0,0,0,0,0,16,34,0,0,41
36c0d3f109aede4d76b05431f8a64f9e,44,415,0,0,0,0,0,0,0,31,0,0,14,2,0,24,0,0,0,2,777,606,299,289,291,111,68,10,0,386,1,0,0,0,169,0,0,0,236,114,14,26,40,3,0,0,0,0,0,0,0,0,0,0,0,0,0,1,3,38,0,58,6,0,2,0,3,89,2,0,90,0,159,183,0,407,2,0,40,2,2,5,0,0,280,0,0,972,0,0,0,0,1,0,40,0,0,0,1,1,0,0,0,0,0,0,1,0,2,0,0,0,0,0,28,85,0,0,51
36cd49ad631e99125a3bb2786e405cea,207,1213,0,0,0,0,0,0,3,152,85,0,73,42,1,35,23,1,14,39,2464,1584,671,1065,786,275,256,53,0,877,9,0,0,0,327,35,0,0,647,414,49,37,153,3,0,0,0,0,0,0,0,0,0,0,0,0,0,9,5,99,0,117,6,0,10,12,34,231,10,0,197,0,231,629,0,1610,64,0,153,4,3,42,0,0,445,0,0,2053,0,0,0,1,18,0,117,0,0,0,4,5,0,0,0,0,0,0,19,0,21,0,0,0,0,0,81,178,0,0,129
36d5c8fc4b14559f73b6136d85b94198,25,374,0,0,0,0,0,0,0,20,0,0,25,0,0,7,0,0,20,0,786,487,267,308,311,133,107,13,0,469,9,0,0,0,63,4,0,0,233,175,26,27,46,3,0,0,0,0,0,0,0,0,0,0,0,0,0,3,4,19,0,61,4,0,0,4,4,58,8,0,39,0,67,157,0,414,7,0,46,2,0,8,0,0,281,0,0,962,0,0,0,0,13,0,49,0,0,0,2,1,0,0,0,0,1,0,4,0,0,0,0,0,0,0,20,69,0,0,61
37ddd3d72ead03c7518f5d47650c8572,21,378,0,0,0,0,0,0,0,20,0,0,13,0,0,3,0,0,12,0,722,440,255,293,297,126,101,13,0,454,9,0,0,0,65,1,0,0,212,134,29,17,46,3,0,0,0,0,0,0,0,0,0,0,0,0,0,3,6,18,0,58,3,0,0,3,5,64,8,0,51,0,63,121,0,409,7,0,46,2,0,5,0,0,272,0,0,924,0,0,0,0,10,0,50,0,0,0,2,1,0,0,0,0,1,0,3,0,0,0,0,0,0,0,20,69,0,0,58
37eee514b04167f8e17e2caa3bfd3049,697,34,0,0,0,0,0,0,0,51,0,0,0,0,0,72,2,0,80,2,793,2345,0,723,5,130,383,34,0,90,6,0,0,0,157,0,0,0,34,54,6,7,18,3,0,0,0,0,0,0,0,0,0,0,0,0,0,26,3,6,0,11,0,0,10,117,0,277,3,0,22,0,9,126,0,2005,0,0,18,0,0,7,0,0,27,0,0,221,0,0,0,0,4,0,21,0,0,0,13,0,0,0,0,0,0,0,30,0,0,0,0,0,0,0,63,11,0,0,16
390d1f2a620912104f53c034c8aef14b,12,305,0,0,0,0,0,0,0,5,0,0,14,0,0,12,0,0,4,0,577,462,226,200,208,80,50,3,0,298,0,0,0,0,134,0,0,0,183,101,10,19,30,3,0,0,0,0,0,0,0,0,0,0,0,0,0,1,3,24,0,42,7,0,2,0,1,77,1,0,67,0,115,142,0,281,0,0,30,0,2,4,0,0,191,0,0,728,0,0,0,0,1,0,31,0,0,0,1,0,0,0,0,0,0,0,0,0,1,0,0,0,0,0,16,58,0,0,36
3b1b190407b868406c5c155a79f3d146,127,215,0,0,0,0,0,0,0,80,2,0,9,0,0,16,0,2,15,1,388,146,125,360,211,241,81,38,0,106,2,8,0,0,61,1,0,0,124,440,36,3,22,3,0,0,0,0,0,0,0,0,0,0,0,0,0,0,3,29,0,16,26,0,2,0,10,38,2,0,31,0,33,73,0,358,1,0,22,2,25,37,0,0,127,0,0,274,0,0,0,0,41,0,43,0,0,0,1,0,0,0,0,0,0,0,4,0,27,0,0,8,0,0,37,42,0,0,60
3c1b2fabb7d74bc5be0820eae4107f8a,136,163,0,0,0,0,0,0,0,24,0,0,0,0,0,16,0,0,20,0,347,127,129,290,169,261,87,12,0,136,4,0,0,0,21,0,0,0,29,57,20,2,12,3,0,0,0,0,0,0,0,0,0,0,0,0,0,0,3,13,0,46,0,0,1,2,8,15,0,0,20,0,19,88,0,290,0,0,12,1,25,31,0,0,103,0,0,298,0,0,0,0,32,0,32,0,0,0,6,0,0,0,0,0,0,0,13,0,16,0,0,0,0,0,38,33,0,0,54
3de1bd0f2107198931177b2b23877df4,4503,10902,3,3,3,3,3,3,38,1618,189,3,711,59,2,477,142,5,420,72,21936,16717,7142,13949,7576,4510,2006,765,2,8754,80,12,0,0,3936,4,0,0,1015,7083,368,47,2607,3,0,4,3,0,0,1,1,16,2,0,16,0,8,68,7,903,0,224,269,0,106,111,160,3420,174,0,1956,0,3738,6574,0,20281,638,18,2607,94,90,1125,0,0,3360,2,0,14158,5,0,10,0,56,0,1871,49,24,0,114,83,0,1,0,156,8,17,192,0,171,0,0,9,0,0,953,2048,0,3,1981
3e69945e5865ccc861f69b24bc1166b6,14,312,0,0,0,0,0,0,0,2,0,0,12,2,0,12,0,0,4,2,587,447,218,194,206,84,49,1,0,306,0,0,0,0,122,0,0,0,233,100,10,19,31,3,0,0,0,0,0,0,0,0,0,0,0,0,0,1,3,23,0,44,6,0,2,0,1,77,1,0,67,0,106,141,0,279,0,0,31,0,2,4,0,0,197,0,0,758,0,0,0,0,2,0,33,0,0,0,1,0,0,0,0,0,0,0,1,0,1,0,0,0,0,0,17,60,0,0,36
3e6ed3ee47bce9946e2541332cb34c69,14,312,0,0,0,0,0,0,0,2,0,0,12,2,0,12,0,0,4,2,587,447,218,194,206,84,49,1,0,306,0,0,0,0,122,0,0,0,231,100,10,19,31,3,0,0,0,0,0,0,0,0,0,0,0,0,0,1,3,23,0,44,6,0,2,0,1,77,1,0,67,0,106,141,0,279,0,0,31,0,2,4,0,0,197,0,0,758,0,0,0,0,2,0,33,0,0,0,1,0,0,0,0,0,0,0,1,0,1,0,0,0,0,0,17,60,0,0,36
3e87051b1dc3463f378c7e1fe398dc7d,421,704,0,0,0,0,0,0,0,63,4,0,131,0,0,236,1,0,301,0,1651,397,349,786,440,732,334,28,0,356,9,0,0,0,306,4,0,0,262,184,50,12,48,3,0,0,0,0,0,0,0,0,0,0,0,0,0,5,4,38,0,92,0,0,1,13,9,126,1,0,241,0,227,325,0,1263,0,0,48,14,47,67,0,0,274,0,0,1024,0,0,0,0,85,0,102,0,0,0,3,107,0,0,0,0,0,0,8,0,27,0,0,0,0,0,48,189,0,0,196
3f8682ab074a097ebbaadbf26dfff560,41,587,0,0,0,0,0,0,1,40,1,0,22,1,1,47,0,0,24,0,1404,998,390,179,411,98,67,15,0,490,0,0,0,0,197,1,0,0,83,135,12,13,42,3,0,0,0,0,0,0,0,0,0,0,0,0,0,2,4,15,0,57,2,0,6,2,9,52,1,0,51,0,202,390,0,556,1,0,42,2,1,14,0,0,162,0,0,1200,0,0,0,0,15,0,44,0,0,0,12,2,0,0,0,0,0,1,28,0,14,0,0,0,0,0,34,75,0,0,55
4192479b055b2b21cb7e6c803b765d34,1460,38,0,0,0,0,0,0,0,36,2,0,0,0,0,23,1,0,28,0,1651,1728,0,1498,23,156,160,15,0,192,8,0,0,0,70,0,0,0,115,125,0,12,19,3,0,0,0,0,0,0,0,0,0,0,0,0,0,20,3,0,0,35,0,0,4,10,4,71,10,0,22,0,33,82,0,1840,0,0,19,2,0,25,0,0,33,0,0,389,0,0,0,0,11,0,24,12,15,0,10,2,0,0,0,0,0,0,66,0,386,0,0,0,0,0,47,20,0,0,552
41a5d40ecc735172b18b61e01a30a178,49,109,0,0,0,0,0,0,0,0,2,0,0,0,0,0,0,0,0,0,191,45,55,94,84,198,60,0,0,138,0,0,0,0,19,0,0,0,47,40,4,0,11,3,0,0,0,0,0,0,0,0,0,0,0,0,0,0,7,1,0,30,0,0,4,8,6,22,0,0,18,0,17,53,0,160,0,0,11,0,1,1,0,0,40,0,0,246,0,0,0,0,17,0,19,0,0,0,0,0,0,0,0,0,0,0,0,0,4,0,0,0,0,0,8,34,0,0,22
435991e0c67f0c0b4504355b6d4493f0,14,302,0,0,0,0,0,0,0,2,0,0,12,2,0,12,0,0,4,2,580,430,217,195,205,82,49,1,0,298,0,0,0,0,123,0,0,0,204,100,10,20,31,3,0,0,0,0,0,0,0,0,0,0,0,0,0,1,3,23,0,42,6,0,2,0,1,77,1,0,66,0,105,135,0,278,0,0,31,0,2,4,0,0,192,0,0,738,0,0,0,0,1,0,34,0,0,0,1,0,0,0,0,0,0,0,1,0,1,0,0,0,0,0,16,57,0,0,36
438983192903f3fecf77500a39459ee6,489,349,0,0,0,0,0,0,0,41,4,1,25,2,1,16,1,0,39,3,944,375,524,712,532,649,254,16,0,205,7,0,0,0,78,0,0,0,148,83,34,8,50,3,0,0,0,0,0,0,0,0,0,0,0,0,0,4,3,39,0,29,12,0,0,1,8,35,5,0,51,0,99,231,0,894,0,0,50,2,64,145,0,0,159,0,0,620,0,0,0,0,36,0,70,0,0,0,4,4,0,0,0,0,0,0,76,0,86,0,0,0,0,0,47,102,0,0,134
43b844c35e1a933e9214588be81ce772,948,646,0,0,0,0,0,0,2,77,5,4,7,0,0,32,7,2,15,6,1942,779,428,1962,922,955,384,28,0,795,2,0,0,0,210,1,0,0,254,298,118,19,51,3,0,0,0,0,0,2,0,0,0,0,1,0,0,5,6,44,0,69,8,0,4,43,33,158,10,1,152,0,162,416,0,2183,0,0,52,4,193,249,0,0,223,0,0,1784,0,0,0,0,279,0,81,0,0,1,0,4,0,0,0,1,0,2,6,0,114,0,0,0,0,0,147,155,0,0,318
44066f29aab6a9379f8dd30f6bec257d,168,207,0,0,0,0,0,0,0,39,0,0,0,0,0,30,0,0,26,0,423,141,180,357,203,309,101,18,0,147,7,0,0,0,30,0,0,0,125,35,28,14,15,3,0,0,0,0,0,0,0,0,0,0,0,0,0,1,3,14,0,49,0,0,1,4,10,19,0,0,26,0,20,102,0,378,0,1,15,1,29,38,0,0,124,0,0,334,0,0,0,0,34,0,38,0,0,0,12,0,0,0,0,0,0,0,17,0,19,0,0,0,0,0,42,35,0,0,61
468ff2c12cffc7e5b2fe0ee6bb3b239e,18456,25827,448,0,78,2,1,80,246,1508,92,56,842,22,114,2159,90,202,1826,113,52232,18820,14979,24595,18462,28752,13796,578,18,13057,136,2,1,0,5900,1,0,2,3491,9973,1008,97,1893,3,0,1,0,0,0,7,0,10,0,0,8,0,0,116,7,1822,0,560,189,0,489,422,692,3596,251,1,5037,0,7189,4662,1,47452,524,194,1895,202,150,1802,1,0,10941,12,0,36464,14,1,0,2,559,0,4753,282,175,2,209,387,0,0,9,12,15,22,840,0,1824,0,0,0,1,0,1558,9037,4,5,6041
471005f73280264c48f769e1c21fbcc1,14,302,0,0,0,0,0,0,0,2,0,0,12,2,0,12,0,0,4,2,580,430,217,195,205,82,49,1,0,298,0,0,0,0,123,0,0,0,205,102,10,20,31,3,0,0,0,0,0,0,0,0,0,0,0,0,0,1,3,23,0,42,6,0,2,0,1,77,1,0,66,0,105,135,0,278,0,0,31,0,2,4,0,0,192,0,0,738,0,0,0,0,1,0,34,0,0,0,1,0,0,0,0,0,0,0,1,0,1,0,0,0,0,0,16,57,0,0,36
47e7f92419eb4b98ff4124c3ca11b738,9,92,0,0,0,0,0,0,0,14,0,0,12,2,0,0,0,0,0,0,337,278,100,78,69,30,22,6,0,125,0,0,0,0,20,0,0,0,60,59,1,3,8,3,0,0,0,0,0,0,0,0,0,0,0,0,0,1,3,3,0,34,0,0,1,1,0,19,0,0,16,0,27,114,0,132,0,0,8,2,0,3,0,0,54,0,0,343,0,0,0,0,16,0,8,0,0,0,0,1,0,0,0,0,0,0,0,0,0,0,0,0,0,0,7,23,0,0,19
4a54d7878d4170c3d4e3c3606365c42c,2962,5103,3,3,3,3,3,3,27,666,174,3,534,39,2,527,139,3,273,72,10768,5704,3329,5800,3804,4100,1536,292,2,3130,34,12,0,0,2707,3,0,0,730,1837,238,58,657,3,0,0,1,0,0,0,1,5,2,0,3,0,0,72,6,595,0,187,322,0,74,77,117,1273,136,0,1290,0,1530,1897,0,9726,310,21,657,51,39,492,0,0,1848,2,0,6419,5,0,6,0,59,0,704,0,0,0,144,39,0,0,0,2,10,17,160,0,199,0,0,9,0,0,680,1015,0,2,1114
4b19a2a6d40a5825e868c6ef25ae445e,39,587,0,0,0,0,0,0,1,40,1,0,22,1,1,47,0,0,24,0,1392,998,390,181,412,98,65,15,0,490,0,0,0,0,198,1,0,0,83,135,12,13,42,3,0,0,0,0,0,0,0,0,0,0,0,0,0,2,4,15,0,57,2,0,6,2,9,52,1,0,51,0,202,390,0,553,1,0,42,2,1,14,0,0,161,1,0,1199,1,0,0,0,15,0,44,0,0,0,12,2,0,0,0,0,0,1,28,0,14,0,0,0,0,0,32,75,0,0,55
4c6bddcca2695d6202df38708e14fc7e,16658,20793,201,0,0,12,0,2,129,1377,71,51,767,24,95,1717,74,122,1676,98,40663,11756,13730,19775,15667,25473,10772,519,0,10010,85,0,0,0,4641,1,0,0,3306,13471,920,49,1654,3,0,1,0,0,0,7,0,10,0,0,8,0,0,73,6,2190,0,397,154,0,372,303,540,2374,369,0,3898,0,5467,3607,0,39058,118,121,1654,189,313,2092,0,0,8674,0,0,27748,0,0,0,2,623,0,3734,488,52,0,147,328,0,0,7,8,14,25,716,0,1337,0,0,0,0,0,1062,7003,0,0,5256
4c858a80df0d6de5d69824c9502b65cf,339,496,0,0,0,0,0,0,0,51,7,0,44,8,0,85,15,0,102,6,942,216,320,727,370,637,201,24,0,269,6,0,0,0,98,1,0,0,143,155,47,22,49,3,0,0,0,0,0,0,0,0,0,0,0,0,0,2,3,29,0,95,2,0,0,10,24,37,2,0,79,0,53,262,0,876,0,1,49,1,45,65,0,0,221,0,0,666,0,0,0,0,84,0,78,0,0,0,19,18,0,0,0,0,0,0,27,0,36,0,0,0,0,0,69,81,0,0,132
4c9c9dbf388a8d81d8cfb4d3fc05f8e4,25,374,0,0,0,0,0,0,0,20,0,0,25,0,0,7,0,0,20,0,786,487,267,308,311,133,107,13,0,469,9,0,0,0,63,4,0,0,233,172,26,27,46,3,0,0,0,0,0,0,0,0,0,0,0,0,0,3,4,19,0,61,4,0,0,4,4,58,8,0,39,0,67,157,0,414,7,0,46,2,0,8,0,0,281,0,0,962,0,0,0,0,13,0,49,0,0,0,2,1,0,0,0,0,1,0,4,0,0,0,0,0,0,0,20,69,0,0,61
4cabfaef26fd8e5aec01d0c4b90a32f3,520,1016,0,0,0,0,0,0,0,64,5,0,170,2,0,118,0,0,79,0,1024,957,720,788,497,125,96,29,0,293,6,0,0,0,92,0,0,0,86,204,15,3,26,3,0,0,0,0,0,0,0,0,0,0,0,0,0,4,4,18,0,64,4,0,5,13,19,57,0,0,35,0,75,186,0,1085,369,0,26,2,0,25,0,0,133,0,0,793,0,0,0,0,22,0,31,12,6,0,6,2,0,0,0,0,0,0,41,0,376,0,0,0,0,0,43,49,0,0,550
4e551abcd14506092a0f8d54a45f3569,513,2280,0,0,0,0,0,0,0,442,202,0,180,19,0,105,68,0,25,25,5643,3005,1171,1725,1482,664,292,224,0,1750,55,0,0,0,1290,38,0,0,129,499,132,78,387,4,0,0,0,0,0,0,0,0,0,0,0,0,0,19,4,325,0,433,90,0,67,20,56,599,55,0,651,0,870,876,0,3345,237,13,387,56,5,99,0,0,664,0,0,3814,0,0,6,0,9,0,387,0,0,0,14,66,0,0,0,0,5,8,52,0,55,0,0,0,0,0,230,428,0,2,445
4f763b07a7b8a80f1f9408e590f79532,3128,5539,3,3,3,3,3,3,27,692,178,3,545,42,2,546,149,3,284,72,11740,6301,3709,6111,4155,4162,1628,299,2,3351,77,12,0,0,3001,3,0,0,714,1841,263,51,701,3,0,0,1,0,0,0,1,5,2,0,3,0,0,87,6,641,0,202,328,0,92,97,136,1364,159,0,1418,0,1702,1908,0,10392,336,25,701,71,42,517,0,0,2054,2,0,7180,5,0,10,0,60,0,757,0,0,0,146,60,0,0,0,2,10,17,163,0,201,0,0,9,0,0,718,1122,0,3,1162
50f35b7c86aede891a72fcb85f06b0b7,1498,99,0,0,0,0,0,0,1,58,2,0,0,0,0,27,1,3,28,0,1777,1748,24,1604,96,160,202,26,0,193,8,8,0,0,89,3,0,0,304,433,5,54,18,3,0,0,0,0,0,0,0,0,0,0,0,0,0,20,3,5,0,35,16,0,4,12,5,93,10,0,26,0,33,91,0,1934,0,0,18,4,1,25,0,0,37,0,0,402,0,0,0,0,21,0,27,12,15,0,10,2,0,0,0,0,0,0,66,0,396,0,0,8,0,0,61,24,0,0,553
5100f0a34695c4c9dc7e915177041cad,1118,1560,0,0,0,0,0,0,4,484,87,1,69,24,3,110,21,3,70,33,2672,897,948,2503,993,1769,452,202,0,893,8,8,0,0,429,32,0,0,655,929,134,28,196,3,0,0,0,0,0,0,0,3,0,0,0,0,0,4,5,90,0,36,26,0,11,14,34,269,33,0,249,0,354,780,0,3189,8,7,195,4,89,112,0,0,471,0,0,2119,0,0,0,1,174,0,201,0,0,0,6,8,0,0,0,0,4,1,22,0,104,0,0,8,0,0,138,296,0,0,284
51326bf40da5a5357a143dd9a6e6a11c,174,233,0,0,0,0,0,0,0,39,0,0,8,0,0,43,0,0,38,0,493,178,191,365,218,336,120,18,0,176,7,0,0,0,42,0,0,0,54,63,31,2,18,3,0,0,0,0,0,0,0,0,0,0,0,0,0,1,3,12,0,48,0,0,1,4,10,22,0,0,41,0,27,106,0,439,0,1,18,1,28,39,0,0,146,0,0,408,0,0,0,0,34,0,45,0,0,0,12,4,0,0,0,0,0,0,17,0,19,0,0,0,0,0,44,44,0,0,64
523cf1c9741f5f9d11388a58de6a83a4,45,43,0,0,0,0,0,0,0,0,0,0,5,0,0,0,0,0,0,0,79,13,29,138,79,76,8,0,0,34,0,0,0,0,0,0,0,0,32,46,11,3,6,3,0,0,0,0,0,0,0,0,0,0,0,0,0,0,3,0,0,7,0,0,0,0,0,1,0,0,0,0,2,46,0,102,0,0,6,0,12,24,0,0,16,0,0,108,0,0,0,0,28,0,7,0,0,0,0,0,0,0,0,0,0,0,0,0,11,0,0,0,0,0,16,2,0,0,15
523f56515221161579ee6090c962e5b1,214,287,0,0,0,0,0,0,0,41,0,0,28,2,0,75,0,0,77,0,673,177,235,516,263,461,146,19,0,214,7,0,0,0,68,1,0,0,106,61,44,18,21,3,0,0,0,0,0,0,0,0,0,0,0,0,0,2,3,11,0,46,2,0,1,7,7,32,0,0,67,0,42,190,0,534,0,1,21,1,47,61,0,0,160,0,0,581,0,0,0,0,51,0,48,0,0,0,13,18,0,0,0,0,0,0,17,0,27,0,0,0,0,0,51,64,0,0,87
53b263dd41838aa178a5ced338a207f3,504,1055,0,0,0,0,0,0,0,565,0,0,124,4,1,107,0,5,44,2,1685,1085,922,1985,721,1184,269,263,0,629,1,8,0,0,431,27,0,0,266,843,103,24,194,3,0,0,0,0,0,0,0,0,0,0,0,0,0,0,3,33,0,32,26,0,2,6,2,255,59,0,148,0,333,514,0,2689,0,4,193,2,67,83,0,0,362,0,0,1226,0,0,0,0,105,0,137,0,0,0,9,6,0,0,0,0,0,0,12,0,54,0,0,8,0,0,127,137,0,0,142
543e03cc5872e9ed870b2d64363f518b,1095,2468,0,0,0,0,0,0,1,1229,13,3,229,30,5,255,5,6,119,15,3808,2087,1774,4300,1787,3295,737,579,0,1568,5,8,0,0,1084,30,0,0,280,1324,252,25,401,3,0,0,0,1,0,2,0,1,0,0,1,0,0,4,3,97,0,81,58,0,13,14,14,625,146,0,431,0,813,1203,0,5748,9,4,400,5,111,153,0,0,790,0,0,3056,0,0,0,0,139,0,265,0,0,0,34,18,0,0,0,0,4,0,33,0,89,0,0,8,0,0,335,334,0,0,295
54d5d171a482278cc8eacf08d9175fd7,36,506,0,0,0,0,0,0,0,39,1,0,11,1,0,43,0,0,22,0,1159,805,333,159,345,96,63,14,0,415,0,0,0,0,159,1,0,0,87,135,11,10,41,3,0,0,0,0,0,0,0,0,0,0,0,0,0,2,4,14,0,59,1,0,5,2,9,38,0,0,42,0,166,310,0,472,0,0,41,2,0,12,0,0,151,0,0,1018,0,0,0,0,13,0,43,0,0,0,12,2,0,0,0,0,0,1,26,0,13,0,0,0,0,0,31,65,0,0,45
55886d571c2a57984ea9659b57e1c63a,556,859,0,0,0,0,0,0,0,123,5,0,162,0,0,294,1,0,371,0,2111,547,452,1141,616,937,424,39,0,455,9,0,0,0,399,4,0,0,332,217,86,19,62,3,0,0,0,0,0,0,0,0,0,0,0,0,0,5,4,46,0,119,0,0,1,17,12,156,2,0,308,0,275,455,0,1634,0,0,62,16,86,112,0,0,357,0,0,1366,0,0,0,0,133,0,135,0,0,0,4,132,0,0,0,0,0,0,8,0,43,0,0,0,0,0,65,224,0,0,268
55fb1409170c91740359d1d96364f17b,44,415,0,0,0,0,0,0,0,31,0,0,14,2,0,24,0,0,0,2,777,606,299,289,291,111,68,10,0,386,1,0,0,0,169,0,0,0,235,113,14,26,40,3,0,0,0,0,0,0,0,0,0,0,0,0,0,1,3,38,0,58,6,0,2,0,3,89,2,0,90,0,159,183,0,407,2,0,40,2,2,5,0,0,280,0,0,972,0,0,0,0,1,0,40,0,0,0,1,1,0,0,0,0,0,0,1,0,2,0,0,0,0,0,28,85,0,0,51
56de2854ef64d869b5df7af5e4effe3e,40,587,0,0,0,0,0,0,1,40,1,0,22,1,1,47,0,0,24,0,1400,998,390,178,411,98,66,15,0,490,0,0,0,0,197,1,0,0,83,135,14,13,42,3,0,0,0,0,0,0,0,0,0,0,0,0,0,2,4,15,0,57,2,0,6,2,9,52,1,0,51,0,203,390,0,554,1,0,42,2,1,14,0,0,161,0,0,1199,0,0,0,0,15,0,44,0,0,0,12,2,0,0,0,0,0,1,28,0,14,0,0,0,0,0,33,75,0,0,55
57326cd78a56d26e349bbd4bcc5b9fa2,1422,3246,0,0,0,0,0,0,1,1612,15,3,287,54,4,319,8,6,145,20,4739,2703,2369,5451,2210,4532,1051,758,0,2079,7,8,0,0,1367,30,0,0,262,1654,285,34,521,3,0,0,0,1,0,2,0,1,0,0,1,0,0,4,3,112,0,126,61,0,20,23,16,835,177,0,555,0,1083,1526,0,7516,16,4,520,8,127,193,0,0,967,0,0,4021,0,0,0,0,158,0,318,0,0,0,48,22,0,0,0,0,7,0,49,0,100,0,0,8,0,0,464,470,0,0,331
575836ebb1b8849f04e994e9160370e4,41,190,0,0,0,0,0,0,0,27,2,0,18,1,0,23,0,0,2,0,567,344,170,178,147,60,33,10,0,227,2,0,0,0,69,0,0,0,119,81,5,13,17,3,0,0,0,0,0,0,0,0,0,0,0,0,0,2,3,8,0,46,1,0,5,11,12,38,1,0,29,0,55,144,0,253,0,0,17,0,0,13,0,0,140,0,0,542,0,0,0,0,30,0,22,0,0,0,6,0,0,0,0,0,0,0,23,0,20,0,0,0,0,0,25,31,0,0,39
57e79f7df13c0cb01910d0c688fcd296,12,305,0,0,0,0,0,0,0,5,0,0,14,0,0,12,0,0,4,0,577,463,226,204,208,81,50,3,0,300,0,0,0,0,134,0,0,0,193,100,10,18,30,3,0,0,0,0,0,0,0,0,0,0,0,0,0,1,3,24,0,43,7,0,2,0,1,80,1,0,70,0,112,142,0,281,0,0,30,0,2,4,0,0,195,0,0,735,0,0,0,0,1,0,32,0,0,0,1,0,0,0,0,0,0,0,0,0,1,0,0,0,0,0,16,58,0,0,36
57f98d16ac439a11012860f88db21831,166,201,0,0,0,0,0,0,0,41,0,0,0,0,0,29,0,0,26,0,426,147,166,398,229,325,95,18,0,146,6,0,0,0,25,0,0,0,29,58,30,1,13,3,0,0,0,0,0,0,0,0,0,0,0,0,0,1,3,13,0,48,0,0,1,4,9,20,0,0,29,0,17,121,0,397,0,1,13,1,33,46,0,0,119,0,0,342,0,0,0,0,47,0,35,0,0,0,12,0,0,0,0,0,0,0,17,0,24,0,0,0,0,0,48,35,0,0,59
5a728cb9ce56763dccb32b5298d0f050,15588,17699,136,0,0,12,0,2,107,1251,31,49,649,6,80,1610,42,120,1683,34,36662,12080,12198,17258,13731,23025,10293,464,0,9217,83,0,0,0,4185,1,0,0,2979,12776,768,42,1412,3,0,1,1,0,0,6,0,10,0,0,7,0,0,70,8,1919,0,202,127,0,385,272,485,2111,381,0,3667,0,5114,3003,0,35680,202,117,1413,161,204,1790,0,0,7171,0,0,25029,0,0,0,0,435,0,3203,488,52,0,125,293,0,0,7,8,9,14,623,0,1181,0,0,0,0,0,1019,6523,0,1,4777
5aeaa53340a281074fcb539967438e3f,14,312,0,0,0,0,0,0,0,2,0,0,12,2,0,12,0,0,4,2,587,447,218,194,206,84,49,1,0,306,0,0,0,0,122,0,0,0,229,100,10,20,31,3,0,0,0,0,0,0,0,0,0,0,0,0,0,1,3,23,0,44,6,0,2,0,1,77,1,0,67,0,106,141,0,279,0,0,31,0,2,4,0,0,197,0,0,758,0,0,0,0,2,0,33,0,0,0,1,0,0,0,0,0,0,0,1,0,1,0,0,0,0,0,17,60,0,0,36
5bcaa2f4bc7567f6ffd5507a161e221a,120,196,0,0,0,0,0,0,0,21,4,0,23,1,0,14,0,0,16,1,437,119,156,277,169,294,59,7,0,129,2,0,0,0,72,0,0,0,64,85,28,9,25,3,0,0,0,0,0,0,0,0,0,0,0,0,0,0,3,19,0,14,6,0,0,0,3,31,2,0,34,0,72,98,0,381,0,0,25,2,23,33,0,0,77,0,0,340,0,0,0,0,36,0,38,0,0,0,1,2,0,0,0,0,0,0,5,0,12,0,0,0,0,0,28,45,0,0,66
5bd5a22d42c04db7ac1343a2a9f471fe,1377,2990,0,0,0,0,0,0,1,1401,17,3,266,43,4,293,14,6,133,14,4584,2435,2162,5143,2047,4468,933,663,0,1914,7,8,0,0,1280,28,0,0,276,1635,265,44,498,3,0,0,0,2,0,4,0,1,0,0,2,0,0,4,3,108,0,117,59,0,19,24,16,797,165,0,525,0,1005,1542,0,7033,16,4,497,8,122,182,0,0,915,0,0,3667,0,0,0,0,164,0,286,0,0,0,44,17,0,0,0,0,8,0,49,0,101,0,0,8,0,0,435,457,0,0,333
5c6f30cc369cd164d44941d381e282cc,136,300,0,0,0,0,0,0,0,44,0,0,13,0,1,18,1,2,5,0,506,191,147,329,186,45,59,20,0,88,0,8,0,0,138,2,0,0,113,216,22,19,18,3,0,0,0,0,0,0,0,0,0,0,0,0,0,2,3,21,0,11,26,0,3,2,6,61,15,0,63,0,53,101,0,374,3,0,18,2,5,11,0,0,75,0,0,271,0,0,0,0,10,0,26,0,0,0,8,2,0,0,0,0,0,0,7,0,21,0,0,8,0,0,44,39,0,0,17
5e42780f52763c77d592044e535e4b01,44,464,0,0,0,0,0,0,0,31,2,0,15,2,0,28,0,0,0,2,936,725,311,270,313,128,76,10,0,439,1,0,0,0,178,0,0,0,293,115,16,23,45,3,0,0,0,0,0,0,0,0,0,0,0,0,0,1,3,41,0,61,7,0,2,0,5,99,2,0,96,0,166,233,0,455,2,0,45,0,2,5,0,0,280,0,0,1143,0,0,0,0,1,0,46,0,0,0,1,0,0,0,0,0,0,0,1,0,3,0,0,0,0,0,34,92,0,0,60
5ff3269faca4a67d1a4c537154aaad4b,504,1055,0,0,0,0,0,0,0,565,0,0,124,4,1,107,0,5,44,2,1685,1085,922,1985,721,1184,269,263,0,629,1,8,0,0,431,27,0,0,266,843,103,24,194,3,0,0,0,0,0,0,0,0,0,0,0,0,0,0,3,33,0,32,26,0,2,6,2,255,59,0,148,0,333,514,0,2689,0,4,193,2,67,83,0,0,362,0,0,1226,0,0,0,0,105,0,137,0,0,0,9,6,0,0,0,0,0,0,12,0,54,0,0,8,0,0,127,137,0,0,142
605c1dc91a5c85024160ce78dfac842d,697,34,0,0,0,0,0,0,0,51,0,0,0,0,0,72,2,0,80,2,793,2345,0,723,5,130,383,34,0,90,6,0,0,0,157,0,0,0,34,49,6,7,19,3,0,0,0,0,0,0,0,0,0,0,0,0,0,26,3,6,0,11,0,0,10,117,0,258,3,0,22,0,9,126,0,2005,0,0,19,0,0,7,0,0,27,0,0,221,0,0,0,0,4,0,21,0,0,0,13,0,0,0,0,0,0,0,30,0,0,0,0,0,0,0,63,11,0,0,16
6377ec0c87f4ec1e7897751dd85d73d4,615,414,0,0,0,0,0,0,0,80,0,0,10,4,0,29,4,0,12,3,1098,578,574,502,363,1162,70,29,0,428,1,20,0,0,103,0,0,0,88,49,7,4,25,4,0,0,0,0,0,0,0,0,0,0,0,0,0,2,5,27,0,37,4,0,0,1,0,118,2,0,127,0,202,207,0,1984,32,2,25,6,21,11,0,0,99,0,0,85,0,0,0,0,12,0,55,0,0,0,2,19,0,0,0,1,3,10,4,0,26,0,0,0,0,0,171,213,0,0,143
649d54bc9eef5a60a4b9d8b889fee139,397,519,0,0,0,0,0,0,0,127,3,1,70,2,0,90,3,3,24,0,1292,593,324,869,389,390,164,52,0,233,2,8,0,0,282,26,0,0,176,343,64,24,36,3,0,0,0,0,0,0,0,0,0,0,0,0,0,4,3,39,0,45,29,0,20,46,52,174,16,0,130,0,143,241,0,1158,5,7,35,5,32,106,0,0,152,0,0,624,0,0,0,0,91,0,64,0,0,0,17,4,0,0,0,0,0,0,52,0,92,0,0,8,0,0,93,125,0,0,85
65018cd542145a3792ba09985734c12a,115,139,0,0,0,0,0,0,0,7,1,0,7,2,0,9,0,0,3,0,277,47,61,190,106,199,39,5,0,117,0,0,0,0,13,0,0,0,61,60,8,13,19,3,0,0,0,0,0,0,0,0,0,0,0,0,0,0,3,3,0,14,0,0,1,0,3,5,0,0,10,0,27,69,0,222,0,0,19,0,8,17,0,0,60,0,0,288,0,0,0,0,14,0,26,0,0,0,2,0,0,0,0,0,0,1,11,0,19,0,0,0,0,0,16,34,0,0,41
650a6fca433ee243391e4b4c11f09438,113,139,0,0,0,0,0,0,0,6,1,0,11,2,0,9,0,0,3,0,279,47,75,195,108,202,39,4,0,117,0,0,0,0,16,0,0,0,61,60,9,13,19,3,0,0,0,0,0,0,0,0,0,0,0,0,0,0,3,3,0,14,0,0,1,0,3,5,0,0,10,0,27,71,0,225,0,0,19,0,9,18,0,0,62,0,0,289,0,0,0,0,15,0,26,0,0,0,2,0,0,0,0,0,0,1,11,0,19,0,0,0,0,0,16,31,0,0,44
6570163cd34454b3d1476c134d44b9d9,14,312,0,0,0,0,0,0,0,2,0,0,12,2,0,12,0,0,4,2,587,447,218,194,206,84,49,1,0,306,0,0,0,0,122,0,0,0,228,100,10,19,31,3,0,0,0,0,0,0,0,0,0,0,0,0,0,1,3,23,0,44,6,0,2,0,1,77,1,0,67,0,106,141,0,279,0,0,31,0,2,4,0,0,197,0,0,758,0,0,0,0,2,0,33,0,0,0,1,0,0,0,0,0,0,0,1,0,1,0,0,0,0,0,17,60,0,0,36
6576c196385407b0f7f4b1b537d88983,113,139,0,0,0,0,0,0,0,6,1,0,11,2,0,9,0,0,3,0,279,47,75,195,108,202,39,4,0,117,0,0,0,0,16,0,0,0,61,60,9,13,19,3,0,0,0,0,0,0,0,0,0,0,0,0,0,0,3,3,0,14,0,0,1,0,3,5,0,0,10,0,27,71,0,225,0,0,19,0,9,18,0,0,62,0,0,289,0,0,0,0,15,0,26,0,0,0,2,0,0,0,0,0,0,1,11,0,19,0,0,0,0,0,16,31,0,0,44
67504a0c2c2bf47efccdab5ca981ad7d,5031,8238,2,2,2,2,2,2,41,842,517,3,333,23,2,365,250,3,319,177,16069,9758,4103,8961,5356,3723,1844,380,2,4288,43,12,0,0,3239,16,0,0,661,3092,288,178,970,3,0,7,3,0,0,5,1,73,3,0,85,0,12,36,5,493,0,500,405,0,114,46,126,1574,242,0,1684,0,2397,2630,0,15429,826,18,970,118,82,811,0,0,2465,0,0,7499,2,0,6,0,28,0,949,0,0,0,108,95,0,0,0,156,16,26,100,0,153,0,0,9,0,0,804,1901,5,2,1598
6808ec6dbb23f0fa7637c108f44c5c80,2461,4729,3,3,3,3,3,3,27,698,163,3,534,32,2,479,99,3,313,57,10144,5917,2984,5288,3702,3825,1363,307,2,2945,41,12,0,0,2640,3,0,0,606,1602,264,52,647,3,0,0,1,0,0,0,1,5,2,0,3,0,0,43,6,638,0,165,304,0,74,74,116,1267,157,0,1275,0,1519,1736,0,9157,280,16,647,58,42,490,0,0,1817,2,0,5979,5,0,6,0,48,0,686,0,0,0,111,44,0,0,0,2,9,16,164,2,152,0,0,9,0,0,593,1001,0,2,1036
689dcd40d5eae8c0d315265f3d90ffae,963,1543,1,0,0,0,0,0,0,194,36,1,63,14,1,146,20,1,145,18,2347,539,789,1407,943,1526,441,89,0,617,1,0,0,0,312,1,0,0,261,189,67,27,105,3,0,0,0,0,0,0,0,1,0,0,1,0,0,6,5,106,0,120,29,0,19,18,31,93,13,0,186,0,219,456,0,2463,0,0,105,4,36,74,0,0,558,0,0,1705,0,0,0,0,85,0,225,0,0,0,8,8,0,1,0,0,1,5,40,0,124,0,0,0,0,0,100,216,0,0,310
6b3d19cc86d82b06f5db3ae9d5ba8a5f,145,271,0,0,0,0,0,0,0,19,0,0,3,0,0,0,0,0,0,0,488,299,166,210,293,45,80,1,0,134,0,0,0,0,39,0,0,0,57,57,4,7,15,3,0,0,0,0,0,0,0,0,0,0,0,0,0,1,4,10,0,35,5,0,3,0,7,31,1,0,35,0,45,112,0,245,0,0,15,0,17,93,0,0,83,0,0,368,0,0,0,0,0,0,17,0,0,0,0,0,0,0,0,0,0,0,50,0,50,0,0,0,0,0,15,58,0,0,47
6bf8f1f99ac5bba0db1b66518df378a4,1419,32,0,0,0,0,0,0,0,47,0,0,0,0,0,23,1,0,27,2,1498,1546,0,1409,8,80,124,6,0,111,6,0,0,0,61,0,0,0,97,111,0,8,15,3,0,0,0,0,0,0,0,0,0,0,0,0,0,17,3,0,0,20,0,0,4,6,3,63,9,0,23,0,32,46,0,1702,0,0,15,2,0,18,0,0,20,0,0,224,0,0,0,0,4,0,17,12,15,0,10,2,0,0,0,0,0,0,57,0,366,0,0,0,0,0,32,21,0,0,536
6d2320af561b2315c1241e3efd86067f,274,334,0,0,0,0,0,0,1,8,3,0,7,0,0,7,0,0,11,2,797,188,189,726,434,511,121,3,0,253,0,0,0,0,57,0,0,0,150,160,57,7,37,3,0,0,0,0,0,0,0,0,0,0,0,0,0,0,3,19,0,12,6,0,2,0,1,56,1,0,73,0,105,166,0,803,0,0,37,0,66,104,0,0,162,0,0,691,0,0,0,0,106,0,63,0,0,0,1,0,0,0,0,0,0,0,2,0,50,0,0,0,0,0,70,133,0,0,92
6e442c5ef460bee4c9457c6bf7a132d6,6,9,0,0,0,0,0,0,0,7,0,0,1,0,0,1,0,0,0,0,13,36,11,7,11,14,2,4,0,0,0,0,0,0,1,0,0,0,111,190,0,4,0,3,0,0,0,0,0,0,0,0,0,0,0,0,0,0,5,5,0,2,0,0,0,1,0,13,0,0,14,0,14,1,1,20,0,0,3,0,0,3,0,0,8,0,0,26,0,0,0,0,1,0,3,0,0,0,0,0,0,0,0,0,0,0,0,0,0,0,0,1,2,0,5,3,0,0,3
6e8f302794cfaae731840e345063e652,160,207,0,0,0,0,0,0,0,37,1,0,1,1,0,46,2,2,26,6,528,173,130,419,205,278,59,20,0,118,2,8,0,0,59,19,0,0,241,417,26,33,24,3,0,0,0,0,0,0,0,0,0,0,0,0,0,0,3,22,0,27,16,0,4,6,10,48,3,0,31,0,27,174,0,477,0,4,23,2,19,28,0,0,94,0,0,302,0,0,0,0,64,0,45,0,0,0,3,2,0,0,0,0,0,0,6,1,24,0,0,8,0,0,31,37,0,0,67
6ebd05a02459d3b22a9d4a79b8626bf1,69,172,0,0,0,0,0,0,0,8,0,0,1,0,0,6,0,0,34,0,234,135,110,126,113,34,49,5,0,74,4,0,0,0,35,0,0,0,19,2251,10,1,11,3,0,0,0,0,0,0,0,0,0,0,0,0,0,1,3,34,0,33,0,0,0,2,15,15,0,0,15,0,13,23,0,136,0,0,11,0,0,33,0,0,52,0,0,192,0,0,0,0,0,0,12,0,0,0,13,0,0,0,0,0,0,0,6,0,2,0,0,0,0,0,27,13,0,0,63
6f9992c486195edcf0bf2f6ee6c3ec74,461,1951,0,0,0,0,0,0,0,473,101,0,191,9,0,108,22,0,46,13,4948,2468,928,1496,1238,785,248,220,0,1531,54,0,0,0,1120,5,0,0,196,465,118,44,348,4,0,0,0,0,0,0,0,0,0,0,0,0,0,21,4,302,0,339,88,0,64,18,58,538,38,0,575,0,783,699,0,2995,150,12,348,45,5,94,0,0,563,0,0,3354,0,0,6,0,7,0,351,0,0,0,7,59,0,0,0,0,10,7,54,0,63,0,0,0,0,0,225,404,0,2,358
6faa4740f99408d4d2dddd0b09bbdefd,113,139,0,0,0,0,0,0,0,6,1,0,11,2,0,9,0,0,3,0,279,47,75,195,108,202,39,4,0,117,0,0,0,0,16,0,0,0,61,60,9,13,19,3,0,0,0,0,0,0,0,0,0,0,0,0,0,0,3,3,0,14,0,0,1,0,3,5,0,0,10,0,27,71,0,225,0,0,19,0,9,18,0,0,62,0,0,289,0,0,0,0,15,0,26,0,0,0,2,0,0,0,0,0,0,1,11,0,19,0,0,0,0,0,16,31,0,0,44
6fbf667e82c1477c4ce635b57b83bfa0,200,209,0,0,0,0,0,0,0,30,1,0,21,1,0,14,0,0,18,0,490,105,139,379,200,372,94,7,0,154,7,0,0,0,40,0,0,0,72,172,26,2,26,3,0,0,0,0,0,0,0,0,0,0,0,0,0,4,3,23,0,14,4,0,1,1,7,13,2,0,41,0,38,148,0,450,0,0,26,1,14,25,0,0,122,0,0,478,0,0,0,0,62,0,51,0,0,0,11,1,0,0,0,0,0,1,14,0,23,0,0,0,0,0,25,54,0,0,77
70a55fdc712c6e31e013e6b5d412b0d6,917,517,0,0,0,0,0,0,2,298,2,1,19,0,0,34,2,0,114,1,1769,1456,387,1955,598,750,318,118,0,503,0,0,0,0,277,6,0,0,332,602,70,34,76,3,0,0,0,0,0,1,0,0,0,0,1,1,0,3,5,14,0,46,4,0,1,7,0,257,27,0,212,0,252,328,0,2536,0,0,76,2,102,136,0,0,236,0,0,993,0,0,0,0,177,0,84,0,0,0,0,15,0,0,0,0,0,1,0,0,70,0,0,0,0,0,245,200,0,0,251
727a6800991eead454e53e8af164a99c,18456,25827,448,0,78,2,1,80,246,1508,92,56,842,22,114,2159,90,202,1826,113,52232,18820,14979,24595,18462,28752,13796,578,18,13057,136,2,1,0,5900,1,0,2,3491,9973,1008,97,1893,3,0,1,0,0,0,7,0,10,0,0,8,0,0,116,7,1822,0,560,189,0,489,422,692,3596,251,1,5037,0,7189,4662,1,47452,524,194,1895,202,150,1802,1,0,10941,12,0,36464,14,1,0,2,559,0,4753,282,175,2,209,387,0,0,9,12,15,22,840,0,1824,0,0,0,1,0,1558,9037,4,5,6041
7388d67561d0a7989202ad4d37eff24f,44,464,0,0,0,0,0,0,0,31,2,0,15,2,0,28,0,0,0,2,936,725,311,270,313,128,76,10,0,439,1,0,0,0,178,0,0,0,293,116,16,23,45,3,0,0,0,0,0,0,0,0,0,0,0,0,0,1,3,41,0,61,7,0,2,0,5,99,2,0,96,0,166,233,0,455,2,0,45,0,2,5,0,0,280,0,0,1143,0,0,0,0,1,0,46,0,0,0,1,0,0,0,0,0,0,0,1,0,3,0,0,0,0,0,34,92,0,0,60
73d125f84503bd87f8142cf2ba8ab05e,41,190,0,0,0,0,0,0,0,27,2,0,18,1,0,23,0,0,2,0,567,344,170,178,147,60,33,10,0,227,2,0,0,0,69,0,0,0,119,81,5,13,17,3,0,0,0,0,0,0,0,0,0,0,0,0,0,2,3,8,0,46,1,0,5,11,12,38,1,0,29,0,55,144,0,253,0,0,17,0,0,13,0,0,140,0,0,542,0,0,0,0,30,0,22,0,0,0,6,0,0,0,0,0,0,0,23,0,20,0,0,0,0,0,25,31,0,0,39
75dad1ccabae8adeb5bae899d0c630f8,41,587,0,0,0,0,0,0,1,40,1,0,22,1,1,47,0,0,24,0,1404,998,390,179,411,98,67,15,0,490,0,0,0,0,197,1,0,0,83,135,12,13,42,3,0,0,0,0,0,0,0,0,0,0,0,0,0,2,4,15,0,57,2,0,6,2,9,52,1,0,51,0,202,390,0,556,1,0,42,2,1,14,0,0,162,0,0,1200,0,0,0,0,15,0,44,0,0,0,12,2,0,0,0,0,0,1,28,0,14,0,0,0,0,0,34,75,0,0,55
769aeae232c6162cedcb6c7255640c4c,41,120,0,0,0,0,0,0,0,0,2,0,0,0,0,2,0,0,0,0,182,75,60,114,96,92,23,0,0,88,0,0,0,0,7,0,0,0,46,68,3,9,18,3,0,0,0,0,0,0,0,0,0,0,0,0,0,0,4,3,0,11,1,0,0,0,1,10,0,0,9,0,25,40,0,181,0,0,18,0,6,8,0,0,49,0,0,194,0,0,0,0,12,0,24,0,0,0,0,0,0,0,0,0,0,0,0,0,5,0,0,0,0,0,12,31,0,0,24
7704ad9e8e0e3d75075e4c294f698d53,51,122,0,0,0,0,0,0,0,0,2,0,0,0,0,2,0,0,0,0,184,56,62,115,95,88,24,0,0,85,0,0,0,0,6,0,0,0,66,64,3,12,17,3,0,0,0,0,0,0,0,0,0,0,0,0,0,0,4,3,0,11,1,0,0,1,1,8,0,0,9,0,23,38,0,178,0,0,17,0,7,9,0,0,55,0,0,192,0,0,0,0,13,0,26,0,0,0,0,0,0,0,0,0,0,0,0,0,6,0,0,0,0,0,12,31,0,0,24
7712d05c8b499fc7a1f4a6a6b6dee825,2716,6519,3,3,3,3,3,3,38,689,118,3,303,9,0,361,52,13,322,40,11266,7765,3381,5599,3962,1504,1193,275,2,3342,37,12,0,0,2615,4,0,0,591,1777,301,55,792,3,0,0,1,0,0,1,1,9,2,0,11,0,0,57,5,656,0,234,179,0,88,84,108,1400,109,0,1461,0,2082,1599,0,9116,519,14,792,73,38,610,0,0,2220,2,0,6665,5,0,6,0,29,0,877,0,0,0,102,52,0,0,0,156,8,15,150,2,136,0,0,9,0,0,658,1503,0,4,1166
77fbfed235d6062212a3e43211a5706e,58,203,1,1,1,1,1,1,0,523,30,0,0,0,0,40,1,0,10,0,4788,4677,22,1094,202,308,264,256,0,744,7,0,0,0,453,4,0,0,657,272,86,46,117,3,0,0,0,0,0,0,0,0,0,0,0,0,0,4,4,314,0,149,6,0,9,7,8,273,18,0,350,0,174,212,0,3719,30,2,117,6,4,35,0,0,407,0,0,1730,1,0,0,0,61,0,124,0,0,0,1,17,0,0,0,0,0,2,10,0,25,0,0,0,0,0,177,111,0,0,108
785003a405bc7a4ebcbb21ddb757bf3f,113,139,0,0,0,0,0,0,0,6,1,0,11,2,0,9,0,0,3,0,279,47,75,195,108,202,39,4,0,117,0,0,0,0,16,0,0,0,61,60,9,13,19,3,0,0,0,0,0,0,0,0,0,0,0,0,0,0,3,3,0,14,0,0,1,0,3,5,0,0,10,0,27,71,0,225,0,0,19,0,9,18,0,0,62,0,0,289,0,0,0,0,15,0,26,0,0,0,2,0,0,0,0,0,0,1,11,0,19,0,0,0,0,0,16,31,0,0,44
7a670d13d4d014169c4080328b8feb86,25,374,0,0,0,0,0,0,0,20,0,0,25,0,0,7,0,0,20,0,786,487,267,308,311,133,107,13,0,469,9,0,0,0,63,4,0,0,235,167,26,27,46,3,0,0,0,0,0,0,0,0,0,0,0,0,0,3,4,19,0,61,4,0,0,4,4,58,8,0,39,0,67,157,0,414,7,0,46,2,0,8,0,0,281,0,0,962,0,0,0,0,13,0,49,0,0,0,2,1,0,0,0,0,1,0,4,0,0,0,0,0,0,0,20,69,0,0,61
7a7a46e8fbc25a624d58e897dee04ffa,19,92,0,0,0,0,0,0,0,43,0,0,31,1,0,3,0,0,0,0,545,316,110,82,94,53,50,4,0,198,0,0,0,0,56,0,0,0,100,71,5,13,7,3,0,0,0,0,0,0,0,0,0,0,0,0,0,2,3,12,0,62,1,0,13,2,3,23,1,0,20,0,20,195,0,157,3,0,7,1,0,0,0,0,57,0,0,407,0,0,0,0,18,0,8,0,0,0,0,1,0,0,0,0,0,0,0,0,0,0,0,0,0,0,15,18,0,0,33
7acb0d1df51706536f33bbdb990041d3,153,898,0,0,0,0,0,0,1,105,74,0,56,42,1,35,23,1,14,39,1780,1036,500,719,594,206,164,41,0,530,7,0,0,0,227,2,0,0,558,1010,29,17,83,3,0,0,0,0,0,0,0,0,0,0,0,0,0,2,3,91,0,16,7,0,9,12,29,97,11,0,112,0,160,389,0,1162,57,4,83,4,0,27,0,0,341,0,0,1451,0,0,0,0,25,0,91,0,0,0,4,4,0,0,0,0,0,0,19,0,18,0,0,0,0,0,60,141,0,0,100
7b42b35832855ab4ff37ae9b8fa9e571,219,245,0,0,0,0,0,0,0,93,0,0,20,2,0,71,0,2,2,0,630,147,194,570,248,398,98,38,0,119,0,8,0,0,115,2,0,0,145,288,29,9,8,3,0,0,0,0,0,0,0,0,0,0,0,0,0,0,3,8,0,13,17,0,13,34,41,71,0,1,36,0,36,123,0,680,0,8,8,2,26,72,0,0,54,0,0,352,0,0,0,0,89,0,26,0,0,0,6,0,0,0,0,0,0,0,44,0,79,0,0,8,0,0,42,43,0,0,62
7cb055ac3acbf53e07e20b65ec9126a1,38,4,0,0,0,0,0,0,0,16,0,0,0,0,0,5,0,0,0,0,37,0,34,18,14,0,16,3,0,0,0,6,0,5,9,0,0,3,8,29889,18,0,0,5,0,0,0,0,0,0,0,0,0,0,0,0,0,0,4,12,0,0,0,0,0,0,0,1,0,0,0,0,0,0,0,8,0,0,0,0,1,12,0,0,1,0,0,1,0,0,0,0,0,0,0,2,1,0,0,0,0,0,0,0,0,0,0,0,0,0,7,0,0,0,10,7,0,0,10
7d3140bd028f70f1fa865364b69c5999,0,116,0,0,0,0,0,0,0,0,0,0,2,0,0,0,0,0,0,0,241,178,71,44,40,41,14,0,0,117,0,0,0,0,20,1,0,0,64,134,6,0,14,3,0,0,0,0,0,0,0,0,0,0,0,0,0,0,4,5,0,12,1,0,0,0,0,16,1,0,12,0,26,59,0,110,1,0,14,0,0,2,0,0,54,0,0,336,0,0,0,0,2,0,16,0,0,0,0,0,0,0,0,0,0,0,0,0,0,0,0,0,0,0,10,16,0,0,18
7f1a4bc267ace340a5aa7a0b79cbf349,313,397,0,0,0,0,0,0,0,47,65,0,9,20,1,21,7,1,14,23,723,184,298,781,430,472,134,14,0,214,7,0,0,0,84,0,0,0,75,89,44,5,42,3,0,0,0,0,0,0,0,0,0,0,0,0,0,0,3,29,0,29,9,0,2,7,10,24,3,0,63,0,47,187,0,816,5,0,42,1,47,70,0,0,262,0,0,564,0,0,0,0,126,0,86,0,0,0,5,3,0,0,0,0,0,0,6,0,58,0,0,0,0,0,71,71,0,0,109
80856bd8ef7d5dbc3dc774f581855549,317,100,0,0,0,0,0,0,0,75,0,0,0,0,0,7,0,2,1,0,517,567,37,427,122,224,212,25,0,147,0,8,0,0,104,1,0,0,526,421,4,10,18,3,0,0,0,0,0,0,0,0,0,0,0,0,0,1,4,6,0,65,23,0,0,10,0,144,1,0,59,0,29,49,0,656,0,0,18,2,1,14,0,0,81,0,0,336,0,0,0,0,31,0,29,0,0,0,0,0,0,0,0,0,0,0,2,0,16,0,0,8,0,0,31,32,0,0,22
81b03cbcfc4b9d090cd8f5e5da816895,58,203,1,1,1,1,1,1,0,523,30,0,0,0,0,40,1,0,10,0,4788,4677,22,1094,202,308,264,256,0,744,7,0,0,0,453,4,0,0,656,272,86,46,117,3,0,0,0,0,0,0,0,0,0,0,0,0,0,4,4,314,0,149,6,0,9,7,8,273,18,0,350,0,174,212,0,3719,30,2,117,6,4,35,0,0,407,0,0,1730,1,0,0,0,61,0,124,0,0,0,1,17,0,0,0,0,0,2,10,0,25,0,0,0,0,0,177,111,0,0,108
827040a5f5ae8de281a63899224b2f3a,9709,15994,2,2,2,3,2,2,124,1695,814,4,799,42,8,735,532,80,547,377,30928,18966,8498,17481,10629,8592,4832,751,10,8691,72,12,0,0,5970,33,0,0,2299,9626,506,339,1929,3,0,11,5,0,0,6,2,85,3,0,102,2,24,118,12,767,0,997,858,0,193,72,203,3090,451,0,3156,0,4306,4806,0,31185,1019,80,1929,170,84,1539,1,0,4600,0,0,15854,2,0,12,0,48,0,1753,99,56,0,288,140,0,1,0,156,47,43,246,2,395,0,0,9,0,0,1507,3264,5,5,3977
830a748959bdd1ad3b6a1f72aab6f063,149,208,0,0,0,0,0,0,2,46,2,2,23,1,0,16,0,2,16,1,511,120,150,386,224,283,76,21,0,105,2,8,0,0,75,1,0,0,130,228,33,15,17,3,0,0,0,0,0,0,0,0,0,0,0,0,0,0,3,26,0,18,22,0,0,0,3,46,2,0,34,0,60,105,0,423,0,4,17,4,24,35,0,0,75,0,0,295,0,0,0,0,45,0,36,0,0,0,1,2,0,0,0,0,0,0,5,0,22,0,0,8,0,0,39,48,0,0,63
831a67dc75e2d4505180888747bc8ea9,145,271,0,0,0,0,0,0,0,19,0,0,3,0,0,0,0,0,0,0,489,299,166,210,293,45,80,1,0,134,0,0,0,0,39,0,0,0,56,57,4,7,15,3,0,0,0,0,0,0,0,0,0,0,0,0,0,1,4,10,0,35,5,0,3,0,7,29,1,0,34,0,46,112,0,245,0,0,15,0,17,93,0,0,83,0,0,367,0,0,0,0,0,0,17,0,0,0,0,0,0,0,0,0,0,0,50,0,50,0,0,0,0,0,15,58,0,0,47
8442ae37b91f279a9f06de4c60b286a3,105,130,0,0,0,0,0,0,0,6,1,0,11,2,0,9,0,0,3,0,254,42,70,185,97,178,38,4,0,97,0,0,0,0,16,0,0,0,27,61,9,8,18,3,0,0,0,0,0,0,0,0,0,0,0,0,0,0,3,3,0,14,0,0,1,0,3,4,0,0,10,0,23,59,0,209,0,0,18,0,9,18,0,0,58,0,0,253,0,0,0,0,15,0,25,0,0,0,2,0,0,0,0,0,0,1,11,0,19,0,0,0,0,0,15,27,0,0,42
8462a62f13f92c34e4b89a7d13a185ad,1169,38,0,0,0,0,0,0,0,38,3,0,0,0,0,36,0,0,36,1,1759,2710,6,1277,39,334,579,15,0,695,0,0,0,0,261,1,0,0,208,148,2,18,48,3,0,0,0,0,0,0,0,0,0,0,0,0,0,7,4,4,0,67,1,0,4,16,4,287,13,0,215,0,64,258,0,2057,0,0,48,3,0,23,0,0,69,0,0,1524,0,0,0,0,17,0,53,0,0,0,13,3,0,0,0,0,0,0,29,0,22,0,0,0,0,0,50,64,0,0,124
871cc547feb9dbec0285321068e392b8,12,305,0,0,0,0,0,0,0,5,0,0,14,0,0,12,0,0,4,0,577,463,226,204,208,81,50,3,0,300,0,0,0,0,134,0,0,0,193,100,10,18,30,3,0,0,0,0,0,0,0,0,0,0,0,0,0,1,3,24,0,43,7,0,2,0,1,80,1,0,70,0,112,142,0,281,0,0,30,0,2,4,0,0,195,0,0,735,0,0,0,0,1,0,32,0,0,0,1,0,0,0,0,0,0,0,0,0,1,0,0,0,0,0,16,58,0,0,36
88c7c50cd4130561d57a1d3b82c5b953,219,245,0,0,0,0,0,0,0,93,0,0,20,2,0,71,0,2,2,0,630,147,194,570,248,398,98,38,0,119,0,8,0,0,115,2,0,0,145,286,29,9,8,3,0,0,0,0,0,0,0,0,0,0,0,0,0,0,3,8,0,13,17,0,13,34,41,71,0,1,36,0,36,123,0,680,0,8,8,2,26,72,0,0,54,0,0,352,0,0,0,0,89,0,26,0,0,0,6,0,0,0,0,0,0,0,44,0,79,0,0,8,0,0,42,43,0,0,62
88dbcc682635b4013bcba5ad28bb976b,32,108,0,0,0,0,0,0,0,0,2,0,0,0,0,2,0,0,0,0,173,60,46,97,83,82,23,0,0,81,0,0,0,0,5,0,0,0,39,67,2,7,17,3,0,0,0,0,0,0,0,0,0,0,0,0,0,0,4,3,0,12,1,0,0,0,1,7,0,0,5,0,23,32,0,162,0,0,17,0,4,5,0,0,42,0,0,174,0,0,0,0,8,0,25,0,0,0,0,0,0,0,0,0,0,0,0,0,4,0,0,0,0,0,11,28,0,0,21
8934aeed5d213fe29e858eee616a6ec7,2961,5103,3,3,3,3,3,3,27,666,174,3,534,39,2,527,139,3,273,72,10766,5704,3327,5803,3804,4100,1536,292,2,3130,34,12,0,0,2707,3,0,0,730,1837,238,58,657,3,0,0,1,0,0,0,1,5,2,0,3,0,0,72,6,595,0,187,322,0,74,77,117,1272,136,0,1290,0,1530,1896,0,9725,310,21,657,51,39,492,0,0,1848,2,0,6419,5,0,6,0,59,0,704,0,0,0,144,39,0,0,0,2,10,17,160,0,199,0,0,9,0,0,680,1015,0,2,1114
8a86df3d382bfd1e4c4165f4cacfdff8,547,859,0,0,0,0,0,0,0,123,5,0,162,0,0,294,1,0,371,0,2118,547,450,1132,607,938,426,39,0,458,9,0,0,0,400,4,0,0,332,215,85,19,62,3,0,0,0,0,0,0,0,0,0,0,0,0,0,5,4,46,0,119,0,0,1,17,12,156,2,0,309,0,275,454,0,1627,0,0,62,16,85,111,0,0,358,0,0,1371,0,0,0,0,131,0,136,0,0,0,4,132,0,0,0,0,0,0,8,0,42,0,0,0,0,0,64,224,0,0,267
8b75bcbff174c25a0161f30758509a44,113,139,0,0,0,0,0,0,0,6,1,0,11,2,0,9,0,0,3,0,279,47,75,195,108,202,39,4,0,117,0,0,0,0,16,0,0,0,61,60,9,13,19,3,0,0,0,0,0,0,0,0,0,0,0,0,0,0,3,3,0,14,0,0,1,0,3,5,0,0,10,0,27,71,0,225,0,0,19,0,9,18,0,0,62,0,0,289,0,0,0,0,15,0,26,0,0,0,2,0,0,0,0,0,0,1,11,0,19,0,0,0,0,0,16,31,0,0,44
8e8622c393d7e832d39e620ead5d3b49,15788,20574,197,0,0,12,0,2,128,1348,68,51,782,26,94,1698,71,122,1662,98,40425,12885,13599,18580,15273,23586,10417,500,0,9993,85,0,0,0,4702,0,0,0,4298,10323,892,98,1447,3,0,1,0,0,0,7,0,10,0,0,8,0,0,76,6,2197,0,401,154,0,370,299,544,2414,369,0,3796,0,5538,3519,0,37697,132,116,1447,190,204,1953,0,0,8457,0,0,27744,0,0,0,2,453,0,3547,488,52,0,146,327,0,0,7,7,13,22,712,0,1260,0,0,0,0,0,994,6844,0,0,5155
933b11bc4799f8d9f65466fb2e3ea659,1025,2675,2,2,2,2,2,2,35,455,52,3,121,9,0,260,50,9,372,26,5982,3815,1683,2593,2190,1019,721,191,2,1790,20,12,0,0,1361,5,0,0,344,1123,157,123,383,3,0,0,0,0,0,0,0,0,0,0,0,0,0,20,5,331,0,135,110,0,37,27,68,669,39,0,796,0,1073,717,0,4709,172,11,383,27,20,263,0,0,1229,0,0,3144,2,0,4,0,43,0,456,0,0,0,82,39,0,0,0,0,4,6,87,2,57,0,0,9,0,0,296,744,0,2,507
94a59ce0fadf84f6efa10fe7d5ee3a03,968,68,0,0,0,0,0,0,4,63,53,2,0,0,3,43,18,4,28,16,1232,1416,12,1062,80,318,395,16,0,336,7,8,0,0,228,1,0,0,442,444,4,27,25,3,0,0,0,0,0,0,0,0,0,0,0,0,0,12,3,6,0,165,17,0,7,10,6,197,9,0,174,0,126,194,0,1514,0,0,25,5,9,24,0,0,43,0,0,821,0,0,0,0,10,0,30,0,0,0,6,1,0,0,0,0,0,0,1,0,26,0,0,8,0,0,79,139,0,0,60
95d85aa629a786bb67439a064c4349ec,44,464,0,0,0,0,0,0,0,31,2,0,15,2,0,28,0,0,0,2,936,725,311,270,313,128,76,10,0,439,1,0,0,0,178,0,0,0,293,116,16,23,45,3,0,0,0,0,0,0,0,0,0,0,0,0,0,1,3,41,0,61,7,0,2,0,5,99,2,0,96,0,166,233,0,455,2,0,45,0,2,5,0,0,280,0,0,1143,0,0,0,0,1,0,46,0,0,0,1,0,0,0,0,0,0,0,1,0,3,0,0,0,0,0,34,92,0,0,60
95f25d3afc5370f5d9fd8e65c17d3599,2458,4729,3,3,3,3,3,3,27,698,163,3,534,32,2,479,99,3,313,57,10152,5917,2984,5290,3702,3826,1363,307,2,2945,41,12,0,0,2646,3,0,0,606,1599,264,52,647,3,0,0,1,0,0,0,1,5,2,0,3,0,0,43,6,638,0,165,304,0,74,74,116,1273,157,0,1280,0,1520,1736,0,9162,280,16,647,58,42,490,0,0,1817,2,0,5980,5,0,6,0,48,0,686,0,0,0,111,44,0,0,0,2,9,16,164,2,152,0,0,9,0,0,593,1001,0,2,1036
9675827a495f4ba6a4efd4dd70932b7c,453,1051,0,0,0,0,0,0,0,598,0,0,126,6,1,108,0,3,48,0,1546,794,901,1890,633,1550,266,277,0,642,1,0,0,0,450,6,0,0,182,218,102,17,87,2,0,0,0,0,0,0,0,0,0,0,0,0,0,0,2,30,0,33,10,0,2,6,2,237,61,0,154,0,360,496,0,2616,0,0,87,2,65,85,0,0,358,0,0,1228,0,0,0,0,99,0,143,0,0,0,9,7,0,0,0,0,0,0,12,0,46,0,0,0,0,0,112,128,0,0,139
973f4a238d6d19bdc7b42977b07b9cef,219,245,0,0,0,0,0,0,0,93,0,0,20,2,0,71,0,2,2,0,630,147,194,570,248,398,98,38,0,119,0,8,0,0,115,2,0,0,145,286,29,9,8,3,0,0,0,0,0,0,0,0,0,0,0,0,0,0,3,8,0,13,17,0,13,34,41,71,0,1,36,0,36,123,0,680,0,8,8,2,26,72,0,0,54,0,0,352,0,0,0,0,89,0,26,0,0,0,6,0,0,0,0,0,0,0,44,0,79,0,0,8,0,0,42,43,0,0,62
98409dbf432419024dbf028c004344c1,938,3456,0,0,0,0,0,0,10,112,34,0,112,14,7,162,61,2,67,69,5861,2537,1527,2049,1967,1341,956,36,0,1681,1,1,0,0,751,0,0,0,4594,30591,154,118,247,3,0,0,0,0,0,1,0,0,0,0,1,0,0,6,4,227,0,10,30,0,42,33,44,334,14,0,469,0,906,768,0,3983,116,0,247,25,13,115,0,0,1288,0,0,4506,0,0,0,2,46,0,402,0,0,0,6,20,0,0,0,2,3,4,77,0,72,0,0,0,0,0,206,819,2,0,439
989b797c2a63fbfc8e1c6e8a8ccd6204,1102,2479,0,0,0,0,0,0,1,1230,13,2,228,30,3,254,5,6,119,15,3819,2087,1774,4309,1790,3306,737,579,0,1575,5,8,0,0,1084,30,0,0,338,1326,253,26,401,3,0,0,0,1,0,2,0,2,0,0,1,0,0,4,3,95,0,82,58,0,13,14,14,625,146,0,431,0,815,1204,0,5759,9,4,400,5,112,156,0,0,794,0,0,3081,0,0,0,0,139,0,267,0,0,0,34,17,0,0,0,0,4,0,33,0,89,0,0,8,0,0,335,336,0,0,296
99a39866a657a10949fcb6d634bb30d5,115,139,0,0,0,0,0,0,0,7,1,0,7,2,0,9,0,0,3,0,277,47,61,190,106,199,39,5,0,117,0,0,0,0,13,0,0,0,61,60,8,13,19,3,0,0,0,0,0,0,0,0,0,0,0,0,0,0,3,3,0,14,0,0,1,0,3,5,0,0,10,0,27,69,0,222,0,0,19,0,8,17,0,0,60,0,0,288,0,0,0,0,14,0,26,0,0,0,2,0,0,0,0,0,0,1,11,0,19,0,0,0,0,0,16,34,0,0,41
9e860622fee66074dfe81dcfcc40c4e2,240,706,0,0,0,0,0,0,1,67,3,0,27,0,0,12,0,0,11,0,1359,808,422,865,409,618,190,22,0,644,1,0,0,0,163,25,0,0,222,527,22,27,120,3,0,0,0,0,0,0,0,1,0,0,0,0,0,0,6,16,0,86,2,0,2,4,6,110,1,0,98,0,148,331,0,1373,0,1,120,2,24,51,0,0,320,0,0,1337,0,0,0,0,59,0,126,0,0,0,6,3,0,0,0,0,0,1,10,0,13,0,0,0,0,0,75,93,0,0,117
9ea3c16194ce354c244c1b74c46cd92e,105,130,0,0,0,0,0,0,0,6,1,0,11,2,0,9,0,0,3,0,254,42,70,185,97,178,38,4,0,97,0,0,0,0,16,0,0,0,27,61,9,8,18,3,0,0,0,0,0,0,0,0,0,0,0,0,0,0,3,3,0,14,0,0,1,0,3,4,0,0,10,0,23,59,0,209,0,0,18,0,9,18,0,0,58,0,0,253,0,0,0,0,15,0,25,0,0,0,2,0,0,0,0,0,0,1,11,0,19,0,0,0,0,0,15,27,0,0,42
9f11bc08af048c5c3a110e567082fe0b,481,281,0,0,0,0,0,0,0,36,3,1,25,2,1,13,0,0,37,4,768,322,467,641,480,565,228,16,0,151,7,0,0,0,63,0,0,0,150,47,29,8,44,3,0,0,0,0,0,0,0,0,0,0,0,0,0,4,3,39,0,23,11,0,1,2,8,21,4,0,33,0,67,214,0,764,0,0,44,1,57,137,0,0,126,0,0,464,0,0,0,0,28,0,52,0,0,0,4,3,0,0,0,0,0,0,75,0,83,0,0,0,0,0,37,64,0,0,118
9fc3ed6c9b8056fbf155f79569ca7cb1,168,207,0,0,0,0,0,0,0,39,0,0,0,0,0,30,0,0,26,0,423,141,180,357,203,309,101,18,0,147,7,0,0,0,30,0,0,0,125,35,28,14,15,3,0,0,0,0,0,0,0,0,0,0,0,0,0,1,3,14,0,49,0,0,1,4,10,19,0,0,26,0,20,102,0,378,0,1,15,1,29,38,0,0,124,0,0,334,0,0,0,0,34,0,38,0,0,0,12,0,0,0,0,0,0,0,17,0,19,0,0,0,0,0,42,35,0,0,61
a241eec892637dec971bd925a40d3efb,44,464,0,0,0,0,0,0,0,31,2,0,15,2,0,28,0,0,0,2,936,725,311,270,313,128,76,10,0,439,1,0,0,0,178,0,0,0,293,115,16,23,45,3,0,0,0,0,0,0,0,0,0,0,0,0,0,1,3,41,0,61,7,0,2,0,5,99,2,0,96,0,166,233,0,455,2,0,45,0,2,5,0,0,280,0,0,1143,0,0,0,0,1,0,46,0,0,0,1,0,0,0,0,0,0,0,1,0,3,0,0,0,0,0,34,92,0,0,60
a2534e9b7e4146368ea3245381830eb0,85,166,0,0,0,0,0,0,0,22,2,0,12,0,0,14,0,0,16,1,383,127,143,214,153,259,51,10,0,114,2,0,0,0,53,0,0,0,66,80,26,8,25,3,0,0,0,0,0,0,0,0,0,0,0,0,0,0,3,18,0,12,6,0,0,0,3,28,2,0,30,0,69,74,0,330,0,0,25,2,18,27,0,0,78,0,0,324,0,0,0,0,23,0,38,0,0,0,1,2,0,0,0,0,0,0,4,0,6,0,0,0,0,0,21,54,0,0,57
a2cd1189860b9ba214421aab86ecbc8a,229,293,0,0,0,0,0,0,0,48,0,0,10,2,0,40,0,0,36,0,607,195,237,527,298,516,130,21,0,238,6,0,0,0,40,1,0,0,194,47,36,21,20,3,0,0,0,0,0,0,0,0,0,0,0,0,0,1,3,14,0,51,1,0,2,5,8,23,0,0,46,0,34,197,0,549,0,1,20,1,46,58,0,0,175,0,0,648,0,0,0,0,57,0,49,0,0,0,12,2,0,0,0,0,0,0,16,0,29,0,0,0,0,0,57,57,0,0,83
a316d5aeca269ca865077e7fff356e7d,113,139,0,0,0,0,0,0,0,6,1,0,11,2,0,9,0,0,3,0,279,47,75,195,108,202,39,4,0,117,0,0,0,0,16,0,0,0,61,60,9,13,19,3,0,0,0,0,0,0,0,0,0,0,0,0,0,0,3,3,0,14,0,0,1,0,3,5,0,0,10,0,27,71,0,225,0,0,19,0,9,18,0,0,62,0,0,289,0,0,0,0,15,0,26,0,0,0,2,0,0,0,0,0,0,1,11,0,19,0,0,0,0,0,16,31,0,0,44
a38a367d6696ba90b2e778a5a4bf98fd,37,169,0,0,0,0,0,0,0,27,2,0,18,1,0,23,0,0,2,0,514,312,165,173,136,56,32,10,0,200,1,0,0,0,68,0,0,0,70,86,5,5,15,3,0,0,0,0,0,0,0,0,0,0,0,0,0,1,3,8,0,45,1,0,5,10,12,34,1,0,28,0,51,129,0,238,0,0,15,0,0,13,0,0,127,0,0,485,0,0,0,0,30,0,20,0,0,0,6,0,0,0,0,0,0,0,23,0,20,0,0,0,0,0,23,26,0,0,36
a565682d8a13a5719977223e0d9c7aa4,274,334,0,0,0,0,0,0,1,8,3,0,7,0,0,7,0,0,11,2,797,188,189,726,434,511,121,3,0,253,0,0,0,0,57,0,0,0,150,160,57,7,37,3,0,0,0,0,0,0,0,0,0,0,0,0,0,0,3,19,0,12,6,0,2,0,1,56,1,0,73,0,105,166,0,803,0,0,37,0,66,104,0,0,162,0,0,691,0,0,0,0,106,0,63,0,0,0,1,0,0,0,0,0,0,0,2,0,50,0,0,0,0,0,70,133,0,0,92
a5b581c0600815b1112ca2fed578928b,152,217,0,0,0,0,0,0,0,35,0,0,8,0,0,41,0,0,38,0,461,168,182,320,204,312,112,16,0,163,6,0,0,0,40,0,0,0,129,43,27,11,16,3,0,0,0,0,0,0,0,0,0,0,0,0,0,1,3,13,0,47,0,0,1,4,9,22,0,0,41,0,23,101,0,398,0,1,16,1,24,33,0,0,141,0,0,381,0,0,0,0,28,0,42,0,0,0,12,4,0,0,0,0,0,0,17,0,16,0,0,0,0,0,41,39,0,0,58
a5d4ebc0285f0213e0c29d23bc410889,2458,4729,3,3,3,3,3,3,27,698,163,3,534,32,2,479,99,3,313,57,10152,5917,2984,5290,3702,3826,1363,307,2,2945,41,12,0,0,2646,3,0,0,606,1599,264,52,647,3,0,0,1,0,0,0,1,5,2,0,3,0,0,43,6,638,0,165,304,0,74,74,116,1273,157,0,1280,0,1520,1736,0,9162,280,16,647,58,42,490,0,0,1817,2,0,5980,5,0,6,0,48,0,686,0,0,0,111,44,0,0,0,2,9,16,164,2,152,0,0,9,0,0,593,1001,0,2,1036
a639f598d4c0b9aa7a4691d05f27d977,339,496,0,0,0,0,0,0,0,51,7,0,44,8,0,85,15,0,102,6,942,216,320,727,370,638,202,24,0,269,6,0,0,0,98,1,0,0,143,155,47,22,49,3,0,0,0,0,0,0,0,0,0,0,0,0,0,2,3,29,0,95,2,0,1,12,24,37,0,0,79,0,53,262,0,876,0,1,49,1,45,65,0,0,221,0,0,666,0,0,0,0,84,0,78,0,0,0,19,18,0,0,0,0,0,0,27,0,36,0,0,0,0,0,69,81,0,0,132
a8b2ac446c614fd5d4880d95369deb3b,1419,32,0,0,0,0,0,0,0,47,0,0,0,0,0,23,1,0,27,2,1498,1546,0,1409,8,80,124,6,0,111,6,0,0,0,61,0,0,0,97,111,0,8,15,3,0,0,0,0,0,0,0,0,0,0,0,0,0,17,3,0,0,20,0,0,4,6,3,63,9,0,23,0,32,46,0,1702,0,0,15,2,0,18,0,0,20,0,0,224,0,0,0,0,4,0,17,12,15,0,10,2,0,0,0,0,0,0,57,0,366,0,0,0,0,0,32,21,0,0,536
a8f259bb36e00d124963cfa9b86f502e,25,374,0,0,0,0,0,0,0,20,0,0,25,0,0,7,0,0,20,0,786,488,267,308,311,133,107,13,0,470,9,0,0,0,63,4,0,0,233,160,26,28,46,3,0,0,0,0,0,0,0,0,0,0,0,0,0,3,4,19,0,61,4,0,0,4,4,58,8,0,39,0,67,157,0,414,7,0,46,2,0,8,0,0,281,0,0,964,0,0,0,0,13,0,49,0,0,0,2,1,0,0,0,0,1,0,4,0,0,0,0,0,0,0,20,69,0,0,61
a99e06e2f90db4e506ef1347a8774dd5,14,360,0,0,0,0,0,0,0,2,0,0,12,2,0,12,0,0,4,2,652,463,229,208,222,89,49,1,0,341,0,0,0,0,135,0,0,0,258,98,13,24,35,3,0,0,0,0,0,0,0,0,0,0,0,0,0,1,5,23,0,43,6,0,2,0,1,89,1,0,81,0,117,147,0,315,0,0,35,0,2,4,0,0,211,0,0,840,0,0,0,0,1,0,39,0,0,0,1,0,0,0,0,0,0,0,1,0,1,0,0,0,0,0,19,69,0,0,43
aa4f1ecc4d25b33395196b5d51a06790,25,374,0,0,0,0,0,0,0,20,0,0,25,0,0,7,0,0,20,0,786,488,267,308,311,133,107,13,0,470,9,0,0,0,63,4,0,0,233,161,26,28,46,3,0,0,0,0,0,0,0,0,0,0,0,0,0,3,4,19,0,61,4,0,0,4,4,58,8,0,39,0,67,157,0,414,7,0,46,2,0,8,0,0,281,0,0,964,0,0,0,0,13,0,49,0,0,0,2,1,0,0,0,0,1,0,4,0,0,0,0,0,0,0,20,69,0,0,61
ab00b38179851c8aa3f9bc80ed7baa23,0,94,0,0,0,0,0,0,0,0,0,0,1,0,0,3,0,0,0,0,202,76,42,49,51,68,22,0,0,97,0,0,0,0,12,0,0,0,18,66,6,1,16,3,0,0,0,0,0,0,0,0,0,0,0,0,0,1,3,7,0,16,2,0,1,0,0,15,0,0,8,0,15,43,0,86,2,0,16,1,0,3,0,0,39,0,0,211,0,0,0,0,4,0,15,0,0,0,0,1,0,0,0,0,0,0,0,0,0,0,0,0,0,0,10,12,0,0,15
ab208f0b517ba9850f1551c9555b5313,14,312,0,0,0,0,0,0,0,2,0,0,12,2,0,12,0,0,4,2,587,447,218,194,206,84,49,1,0,306,0,0,0,0,122,0,0,0,229,100,10,20,31,3,0,0,0,0,0,0,0,0,0,0,0,0,0,1,3,23,0,44,6,0,2,0,1,77,1,0,67,0,106,141,0,279,0,0,31,0,2,4,0,0,197,0,0,758,0,0,0,0,2,0,33,0,0,0,1,0,0,0,0,0,0,0,1,0,1,0,0,0,0,0,17,60,0,0,36
ac87816b9a371e72512d8fd82f61c737,102,106,0,0,0,0,0,0,0,43,1,0,21,1,0,20,0,0,11,0,263,73,60,222,137,184,59,16,0,97,0,0,0,0,28,1,0,0,60,72,17,4,12,3,0,0,0,0,0,0,0,0,0,0,0,0,0,0,4,11,0,20,0,0,2,1,7,11,0,0,16,0,24,70,0,228,0,0,12,0,24,34,0,0,76,0,0,243,0,0,0,0,28,0,29,0,0,0,0,0,0,0,0,0,0,0,8,0,18,0,0,0,0,0,25,26,0,0,46
af2745e8888f2ba17a9cf2e0779d3874,315,422,0,0,0,0,0,0,1,31,2,0,12,0,0,22,0,0,20,2,941,231,250,838,531,553,150,11,0,277,1,0,0,0,81,0,0,0,295,111,59,23,37,3,0,0,0,0,0,0,0,0,0,0,0,0,0,0,3,29,0,25,6,0,2,0,2,66,2,0,91,0,149,180,0,920,0,0,37,0,80,122,0,0,206,0,0,715,0,0,0,0,128,0,71,0,0,0,1,0,0,0,0,0,0,0,2,0,62,0,0,0,0,0,86,170,0,0,114
af2f7b070245c90bd2a0a0845314173a,339,496,0,0,0,0,0,0,0,51,7,0,44,8,0,85,15,0,102,6,942,216,320,727,370,637,201,24,0,269,6,0,0,0,98,1,0,0,143,155,47,22,49,3,0,0,0,0,0,0,0,0,0,0,0,0,0,2,3,29,0,95,2,0,0,10,24,37,2,0,79,0,53,262,0,876,0,1,49,1,45,65,0,0,221,0,0,666,0,0,0,0,84,0,78,0,0,0,19,18,0,0,0,0,0,0,27,0,36,0,0,0,0,0,69,81,0,0,132
b07322743778b5868475dbe66eedac4f,105,130,0,0,0,0,0,0,0,6,1,0,11,2,0,9,0,0,3,0,254,42,70,185,97,178,38,4,0,97,0,0,0,0,16,0,0,0,27,61,9,8,18,3,0,0,0,0,0,0,0,0,0,0,0,0,0,0,3,3,0,14,0,0,1,0,3,4,0,0,10,0,23,59,0,209,0,0,18,0,9,18,0,0,58,0,0,253,0,0,0,0,15,0,25,0,0,0,2,0,0,0,0,0,0,1,11,0,19,0,0,0,0,0,15,27,0,0,42
b3848edbabfbce246a9faf5466e743bf,241,250,0,0,0,0,0,0,0,64,1,0,26,1,0,30,0,2,53,1,689,116,109,589,308,446,151,28,0,191,4,8,0,0,91,3,0,0,313,427,40,57,14,3,0,0,0,0,0,0,0,0,0,0,0,0,0,0,5,23,0,54,24,0,1,2,5,68,0,0,72,0,46,214,0,491,0,4,14,5,50,60,0,0,119,0,0,431,0,0,0,0,88,0,45,0,0,0,0,14,0,0,0,0,0,0,3,0,43,0,0,8,0,0,56,64,0,0,95
b3bc979d8de3be09728c5de1a0297c4b,274,334,0,0,0,0,0,0,1,8,3,0,7,0,0,7,0,0,11,2,797,188,189,726,434,511,121,3,0,253,0,0,0,0,57,0,0,0,150,160,57,7,37,3,0,0,0,0,0,0,0,0,0,0,0,0,0,0,3,19,0,12,6,0,2,0,1,56,1,0,73,0,105,166,0,803,0,0,37,0,66,104,0,0,162,0,0,691,0,0,0,0,106,0,63,0,0,0,1,0,0,0,0,0,0,0,2,0,50,0,0,0,0,0,70,133,0,0,92
b5e9ce72771217680efaeecfafe3da3f,350,438,0,0,0,0,0,0,1,40,2,0,17,0,0,36,0,0,19,0,1012,228,279,894,560,669,157,20,0,314,1,0,0,0,92,0,0,0,272,112,60,24,39,3,0,0,0,0,0,0,0,0,0,0,0,0,0,0,3,31,0,30,7,0,1,0,3,70,2,0,100,0,163,206,0,1025,0,0,39,2,83,126,0,0,215,0,0,803,0,0,0,0,133,0,73,0,0,0,1,1,0,0,0,0,0,0,1,0,65,0,0,0,0,0,91,183,0,0,118
b74022a7b9b63fdc541ae0848b28a962,219,245,0,0,0,0,0,0,0,93,0,0,20,2,0,71,0,2,2,0,630,147,194,570,248,398,98,38,0,119,0,8,0,0,115,2,0,0,145,286,29,9,8,3,0,0,0,0,0,0,0,0,0,0,0,0,0,0,3,8,0,13,17,0,13,34,41,71,0,1,36,0,36,123,0,680,0,8,8,2,26,72,0,0,54,0,0,352,0,0,0,0,89,0,26,0,0,0,6,0,0,0,0,0,0,0,44,0,79,0,0,8,0,0,42,43,0,0,62
b8277cce81e0a372bc35d33a0c9483c2,339,502,0,0,0,0,0,0,0,51,7,0,44,8,0,85,15,0,102,6,939,216,317,720,368,637,201,24,0,272,6,0,0,0,98,2,0,0,146,155,46,22,49,3,0,0,0,0,0,0,0,0,0,0,0,0,0,2,3,29,0,95,2,0,0,10,24,37,2,0,79,0,53,262,0,874,0,1,49,1,44,63,0,0,221,0,0,673,0,0,0,0,82,0,78,0,0,0,19,18,0,0,0,0,0,0,27,0,35,0,0,0,0,0,68,81,0,0,131
b8f61242e28f2edf6cb1be8781438491,254,375,0,0,0,0,0,0,1,8,3,0,7,0,0,7,0,0,11,2,779,186,184,722,428,439,109,3,0,238,0,0,0,0,54,0,0,0,257,118,55,25,37,3,0,0,0,0,0,0,0,0,0,0,0,0,0,0,3,19,0,15,7,0,2,0,1,61,1,0,67,0,101,146,0,809,0,0,37,0,65,103,0,0,159,0,0,581,0,0,0,0,103,0,62,0,0,0,1,0,0,0,0,0,0,0,2,0,50,0,0,0,0,0,68,128,0,0,96
ba0c4d3dbf07d407211b5828405a9b91,44,415,0,0,0,0,0,0,0,31,0,0,14,2,0,24,0,0,0,2,777,606,299,289,291,111,68,10,0,386,1,0,0,0,169,0,0,0,236,113,14,27,40,3,0,0,0,0,0,0,0,0,0,0,0,0,0,1,3,38,0,58,6,0,2,0,3,89,2,0,90,0,159,183,0,407,2,0,40,2,2,5,0,0,280,0,0,972,0,0,0,0,1,0,40,0,0,0,1,1,0,0,0,0,0,0,1,0,2,0,0,0,0,0,28,85,0,0,51
baabd9b76bff84ed27fd432cfc6df241,339,496,0,0,0,0,0,0,0,51,7,0,44,8,0,85,15,0,102,6,942,216,320,727,370,638,202,24,0,269,6,0,0,0,98,1,0,0,143,155,47,22,49,3,0,0,0,0,0,0,0,0,0,0,0,0,0,2,3,29,0,95,2,0,1,12,24,37,0,0,79,0,53,262,0,876,0,1,49,1,45,65,0,0,221,0,0,666,0,0,0,0,84,0,78,0,0,0,19,18,0,0,0,0,0,0,27,0,36,0,0,0,0,0,69,81,0,0,132
bac2e89bd92ce23e1e93a63d26dea01a,99,145,0,0,0,0,0,0,0,33,0,0,0,0,0,53,0,0,41,0,340,109,104,248,148,174,49,15,0,80,6,0,0,0,32,3,0,0,109,50,23,14,17,3,0,0,0,0,0,0,0,0,0,0,0,0,0,1,3,4,0,19,0,0,0,4,4,12,0,0,26,0,24,66,0,308,0,1,17,1,20,29,0,0,80,0,0,206,0,0,0,0,23,0,30,0,0,0,12,8,0,0,0,0,0,0,10,0,12,0,0,0,0,0,29,26,0,0,43
bc723e4f93a3bf85f4d1e1910393d1a3,1097,1350,0,0,0,0,0,0,3,450,105,0,35,29,2,82,16,1,57,39,2270,755,835,2381,771,1574,319,197,0,743,7,0,0,0,357,72,0,0,492,434,127,24,161,3,0,0,0,0,0,0,0,0,0,0,0,0,0,4,4,65,0,23,6,0,7,11,22,182,21,0,204,0,312,662,0,2969,8,7,161,2,78,96,0,0,382,0,0,1721,0,0,0,1,163,0,157,0,0,0,5,8,0,0,0,0,3,0,15,0,91,0,0,0,0,0,109,227,0,0,232
bcb087f69792b69494a3edad51a842bb,152,212,0,0,0,0,0,0,0,35,0,0,8,0,0,41,0,0,38,0,462,180,169,322,204,313,112,16,0,163,6,0,0,0,40,0,0,0,130,43,27,11,16,3,0,0,0,0,0,0,0,0,0,0,0,0,0,1,3,13,0,47,0,0,1,4,9,22,0,0,41,0,23,101,0,398,0,1,16,1,24,33,0,0,141,0,0,381,0,0,0,0,28,0,42,0,0,0,12,4,0,0,0,0,0,0,17,0,16,0,0,0,0,0,41,39,0,0,58
bcbdef1678049378be04719ed29078d2,240,706,0,0,0,0,0,0,1,67,3,0,27,0,0,12,0,0,11,0,1359,808,422,865,409,618,190,22,0,644,1,0,0,0,163,25,0,0,222,527,22,27,120,3,0,0,0,0,0,0,0,1,0,0,0,0,0,0,6,16,0,86,2,0,2,4,6,110,1,0,98,0,148,331,0,1373,0,1,120,2,24,51,0,0,320,0,0,1337,0,0,0,0,59,0,126,0,0,0,6,3,0,0,0,0,0,1,10,0,13,0,0,0,0,0,75,93,0,0,117
bd8b082b7711bc980252f988bb0ca936,16427,26599,448,0,78,2,1,80,234,1489,77,54,859,25,111,2048,81,201,1798,101,50938,15386,15404,22497,18873,27971,13026,565,18,12832,135,2,1,0,5562,0,0,2,4443,13310,1023,73,2148,3,0,1,0,0,0,7,0,10,0,0,8,0,0,94,7,1765,0,595,185,0,483,416,696,3132,196,1,4802,0,7239,4542,1,44008,471,194,2150,220,148,1799,1,0,11324,12,0,36060,14,1,0,2,559,0,4724,282,175,2,205,396,0,0,9,13,17,22,767,0,1772,0,0,0,1,0,1424,9032,4,5,5955
bdd2ad4c0e1e5667d117810ae9e36c4b,481,281,0,0,0,0,0,0,0,36,3,1,25,2,1,13,0,0,37,4,768,322,467,641,480,565,228,16,0,151,7,0,0,0,63,0,0,0,150,47,29,8,44,3,0,0,0,0,0,0,0,0,0,0,0,0,0,4,3,39,0,23,11,0,1,2,8,21,4,0,33,0,67,214,0,764,0,0,44,1,57,137,0,0,126,0,0,464,0,0,0,0,28,0,52,0,0,0,4,3,0,0,0,0,0,0,75,0,83,0,0,0,0,0,37,64,0,0,118
bf0ee4367ea32f8e3b911c304258e439,481,281,0,0,0,0,0,0,0,36,3,1,25,2,1,13,0,0,37,4,768,322,467,641,480,565,228,16,0,151,7,0,0,0,63,0,0,0,150,47,29,8,44,3,0,0,0,0,0,0,0,0,0,0,0,0,0,4,3,39,0,23,11,0,1,2,8,21,4,0,33,0,67,214,0,764,0,0,44,1,57,137,0,0,126,0,0,464,0,0,0,0,28,0,52,0,0,0,4,3,0,0,0,0,0,0,75,0,83,0,0,0,0,0,37,64,0,0,118
bf80dbf969b73790253f683cd723fd71,148,212,0,0,0,0,0,0,0,41,0,0,0,0,0,29,0,0,26,0,414,141,157,352,218,308,95,18,0,141,6,0,0,0,25,0,0,0,30,46,31,1,13,3,0,0,0,0,0,0,0,0,0,0,0,0,0,1,3,13,0,46,0,0,1,4,9,19,0,0,30,0,17,106,0,379,0,1,13,1,29,42,0,0,120,0,0,335,0,0,0,0,41,0,34,0,0,0,12,0,0,0,0,0,0,0,17,0,21,0,0,0,0,0,46,35,0,0,54
c0134285a276ab933e2a2b9b33b103cd,980,1383,0,0,0,0,0,0,3,420,87,1,48,24,2,98,21,4,48,32,2389,808,845,2354,843,1488,325,184,0,749,7,8,0,0,400,32,0,0,554,859,129,25,183,3,0,0,0,0,0,0,0,1,0,0,0,0,0,4,4,67,0,33,25,0,5,12,17,210,33,0,218,0,327,687,0,2914,8,11,182,4,81,102,0,0,425,0,0,1695,0,0,0,1,153,0,185,0,0,0,5,8,0,0,0,0,4,1,18,0,95,0,0,8,0,0,121,249,0,2,230
c044715c2626ab515f6c85a21c47c7dd,14,315,0,0,0,0,0,0,0,2,0,0,12,2,0,12,0,0,4,2,601,457,219,202,205,86,51,1,0,312,0,0,0,0,126,0,0,0,284,104,10,21,33,3,0,0,0,0,0,0,0,0,0,0,0,0,0,1,3,23,0,45,6,0,2,0,1,80,1,0,69,0,110,139,0,281,0,0,33,0,2,4,0,0,202,0,0,784,0,0,0,0,1,0,36,0,0,0,1,0,0,0,0,0,0,0,1,0,1,0,0,0,0,0,16,62,0,0,37
c0a33a1b472a8c16123fd696a5ce5ebb,113,139,0,0,0,0,0,0,0,6,1,0,11,2,0,9,0,0,3,0,279,47,75,195,108,202,39,4,0,117,0,0,0,0,16,0,0,0,61,60,9,13,19,3,0,0,0,0,0,0,0,0,0,0,0,0,0,0,3,3,0,14,0,0,1,0,3,5,0,0,10,0,27,71,0,225,0,0,19,0,9,18,0,0,62,0,0,289,0,0,0,0,15,0,26,0,0,0,2,0,0,0,0,0,0,1,11,0,19,0,0,0,0,0,16,31,0,0,44
c110f08399c5dca64d7dc4539eb82083,1272,1632,0,0,0,0,0,0,0,337,14,3,158,0,2,168,8,4,183,6,3560,1530,1047,2292,1396,1642,793,119,0,815,8,8,0,0,613,18,0,0,887,766,94,14,141,3,0,0,0,0,0,0,0,0,0,0,0,0,0,17,6,127,0,193,60,0,14,19,18,274,28,0,428,0,527,547,0,3413,9,1,141,7,107,227,1,0,805,0,0,2182,0,0,0,0,117,0,279,0,0,1,22,44,0,0,0,1,2,1,83,0,141,0,0,7,0,0,177,457,0,2,276
c1bd23ece59e36143d80f7eec0e38c52,50,94,0,0,0,0,0,0,1,24,1,0,1,0,0,17,0,3,7,0,211,46,18,146,91,94,41,12,0,40,0,8,0,0,24,1,0,0,148,330,6,11,8,3,0,0,0,0,0,1,0,1,0,0,1,0,0,0,4,9,0,13,17,0,0,0,0,24,0,0,13,0,13,31,0,157,0,0,8,2,1,1,0,0,36,0,0,121,0,0,0,0,11,0,21,0,0,0,0,0,0,0,0,0,0,0,0,0,10,0,0,8,0,0,16,18,0,0,13
c39e272e9ea15d61e0c8e6b749a1ad46,163,221,0,0,0,0,0,0,1,48,2,1,23,1,0,16,0,2,16,1,527,124,155,416,228,302,74,22,0,112,2,8,0,0,75,1,0,0,138,234,35,13,17,3,0,0,0,0,0,0,0,0,0,0,0,0,0,0,3,23,0,20,22,0,0,0,3,46,2,0,35,0,61,117,0,442,0,4,17,4,27,40,0,0,80,0,0,313,0,0,0,0,51,0,37,0,0,0,1,3,0,0,0,0,0,0,5,0,24,0,0,8,0,0,41,50,0,0,66
c3e5603a38e700274d1ab30ce93d08b9,175,196,0,0,0,0,0,0,0,33,1,0,42,1,0,36,3,0,52,5,566,112,126,486,253,433,92,11,0,189,1,0,0,0,87,0,0,0,122,70,56,6,20,3,0,0,0,0,0,0,0,0,0,0,0,0,0,0,4,11,0,17,1,0,3,0,8,42,0,0,68,0,62,191,0,450,0,0,20,0,60,71,0,0,76,0,0,449,0,0,0,0,66,0,28,0,0,0,1,12,0,0,1,1,0,0,1,0,20,0,0,0,0,0,21,63,0,0,104
c41e44045cebebfba234063de8fd7c4d,44,464,0,0,0,0,0,0,0,31,2,0,15,2,0,28,0,0,0,2,936,725,311,270,313,128,76,10,0,439,1,0,0,0,178,0,0,0,293,115,16,23,45,3,0,0,0,0,0,0,0,0,0,0,0,0,0,1,3,41,0,61,7,0,2,0,5,99,2,0,96,0,166,233,0,455,2,0,45,0,2,5,0,0,280,0,0,1143,0,0,0,0,1,0,46,0,0,0,1,0,0,0,0,0,0,0,1,0,3,0,0,0,0,0,34,92,0,0,60
c4c638750526e28f68d6d71fd1266bdf,219,245,0,0,0,0,0,0,0,93,0,0,20,2,0,71,0,2,2,0,630,147,194,570,248,398,98,38,0,119,0,8,0,0,115,2,0,0,145,286,29,9,8,3,0,0,0,0,0,0,0,0,0,0,0,0,0,0,3,8,0,13,17,0,13,34,41,71,0,1,36,0,36,123,0,680,0,8,8,2,26,72,0,0,54,0,0,352,0,0,0,0,89,0,26,0,0,0,6,0,0,0,0,0,0,0,44,0,79,0,0,8,0,0,42,43,0,0,62
c6a4bb1a4e4f69ec71855d70d6960859,14518,17645,136,0,0,12,0,2,107,1162,16,49,664,6,81,1435,10,120,1543,17,35865,10932,12261,16299,13507,22483,9675,428,0,9316,84,1,0,0,3960,1,0,0,3007,12564,780,30,1412,3,0,1,0,0,0,6,0,10,0,0,7,0,0,70,9,1948,0,230,123,0,354,269,485,2049,352,0,3403,0,5016,2955,0,33612,1,116,1412,160,204,1798,0,0,7428,0,0,25320,0,0,0,0,381,0,3193,489,52,0,122,293,0,0,7,7,9,13,623,0,1158,0,0,0,0,0,742,6438,0,0,4730
c9172b3e83c782bc930c06b628f31fa5,219,245,0,0,0,0,0,0,0,93,0,0,20,2,0,71,0,2,2,0,630,147,194,570,248,398,98,38,0,119,0,8,0,0,115,2,0,0,145,287,29,9,8,3,0,0,0,0,0,0,0,0,0,0,0,0,0,0,3,8,0,13,17,0,13,34,41,71,0,1,36,0,36,123,0,680,0,8,8,2,26,72,0,0,54,0,0,352,0,0,0,0,89,0,26,0,0,0,6,0,0,0,0,0,0,0,44,0,79,0,0,8,0,0,42,43,0,0,62
c91eacab7655870764d13ba741aa9a73,2461,4729,3,3,3,3,3,3,27,698,163,3,534,32,2,479,99,3,313,57,10144,5917,2984,5288,3702,3825,1363,307,2,2945,41,12,0,0,2640,3,0,0,606,1602,264,52,647,3,0,0,1,0,0,0,1,5,2,0,3,0,0,43,6,638,0,165,304,0,74,74,116,1267,157,0,1275,0,1519,1736,0,9157,280,16,647,58,42,490,0,0,1817,2,0,5979,5,0,6,0,48,0,686,0,0,0,111,44,0,0,0,2,9,16,164,2,152,0,0,9,0,0,593,1001,0,2,1036
c99fa835350aa9e2427ce69323b061a9,456,1941,0,0,0,0,0,0,0,474,101,0,188,9,0,107,22,0,46,13,4940,2456,922,1490,1246,787,248,220,0,1520,54,0,0,0,1107,5,0,0,189,465,118,40,348,4,0,0,0,0,0,0,0,0,0,0,0,0,0,21,4,303,0,339,88,0,64,18,58,539,38,0,573,0,772,700,0,2987,150,12,348,44,5,94,0,0,563,0,0,3330,0,0,6,0,7,0,351,0,0,0,7,58,0,0,0,0,10,6,54,0,63,0,0,0,0,0,225,405,0,2,360
ca327bc83fbe38b3689cd1a5505dfc33,3170,5559,3,3,3,3,3,3,27,697,181,3,549,42,2,553,153,3,288,72,11817,6319,3731,6154,4177,4208,1638,302,2,3370,77,12,0,0,3016,3,0,0,736,1856,263,59,700,3,0,0,1,0,0,0,1,5,2,0,3,0,0,89,6,645,0,202,328,0,92,97,137,1367,159,0,1428,0,1708,1944,0,10470,336,25,700,71,42,517,0,0,2062,2,0,7210,5,0,10,0,60,0,759,0,0,0,148,60,0,0,0,2,10,17,163,0,203,0,0,9,0,0,727,1129,0,3,1166
ca6fe7a1315af5afeac2961460a80569,113,139,0,0,0,0,0,0,0,6,1,0,11,2,0,9,0,0,3,0,279,47,75,195,108,202,39,4,0,117,0,0,0,0,16,0,0,0,61,60,9,13,19,3,0,0,0,0,0,0,0,0,0,0,0,0,0,0,3,3,0,14,0,0,1,0,3,5,0,0,10,0,27,71,0,225,0,0,19,0,9,18,0,0,62,0,0,289,0,0,0,0,15,0,26,0,0,0,2,0,0,0,0,0,0,1,11,0,19,0,0,0,0,0,16,31,0,0,44
cc3a9a7b026bfe0e55ff219fd6aa7d94,25,374,0,0,0,0,0,0,0,20,0,0,25,0,0,7,0,0,20,0,786,487,267,308,311,133,107,13,0,469,9,0,0,0,63,4,0,0,233,167,26,27,46,3,0,0,0,0,0,0,0,0,0,0,0,0,0,3,4,19,0,61,4,0,0,4,4,58,8,0,39,0,67,157,0,414,7,0,46,2,0,8,0,0,281,0,0,962,0,0,0,0,13,0,49,0,0,0,2,1,0,0,0,0,1,0,4,0,0,0,0,0,0,0,20,69,0,0,61
cf038194f0fe222f31ec24cb80941bb1,69,171,0,0,0,0,0,0,0,8,0,0,1,0,0,6,0,0,34,0,236,135,110,126,114,34,49,5,0,75,4,0,0,0,35,0,0,0,19,3486,10,1,11,3,0,0,0,0,0,0,0,0,0,0,0,0,0,1,3,34,0,33,0,0,0,2,15,15,0,0,15,0,13,24,0,136,0,0,11,0,0,33,0,0,52,0,0,195,0,0,0,0,0,0,12,0,0,0,13,0,0,0,0,0,0,0,6,0,2,0,0,0,0,0,27,13,0,0,63
d0d5a20c5a6c4fddab4d43b85632b6a9,73,400,0,0,0,0,0,0,1,37,54,0,10,41,1,8,13,0,2,26,791,474,226,281,280,118,78,16,0,281,7,0,0,0,94,0,0,0,74,93,13,5,45,3,0,0,0,0,0,0,0,0,0,0,0,0,0,2,3,39,0,52,7,0,2,7,10,46,4,0,45,0,58,196,0,442,16,0,45,1,0,5,0,0,192,0,0,729,0,0,0,0,20,0,49,0,0,0,5,1,0,0,0,0,0,0,4,0,9,0,0,0,0,0,40,55,0,0,55
d16947b200afa74a917f055597b772c0,25,374,0,0,0,0,0,0,0,20,0,0,25,0,0,7,0,0,20,0,786,487,267,308,311,133,107,13,0,469,9,0,0,0,63,4,0,0,232,169,26,27,46,3,0,0,0,0,0,0,0,0,0,0,0,0,0,3,4,19,0,61,4,0,0,4,4,58,8,0,39,0,67,157,0,414,7,0,46,2,0,8,0,0,281,0,0,962,0,0,0,0,13,0,49,0,0,0,2,1,0,0,0,0,1,0,4,0,0,0,0,0,0,0,20,69,0,0,61
d22863c5e6f098a4b52688b021beef0a,1460,38,0,0,0,0,0,0,0,36,2,0,0,0,0,23,1,0,28,0,1651,1728,0,1498,23,156,160,15,0,192,8,0,0,0,70,0,0,0,115,125,0,12,19,3,0,0,0,0,0,0,0,0,0,0,0,0,0,20,3,0,0,35,0,0,4,10,4,71,10,0,22,0,33,82,0,1840,0,0,19,2,0,25,0,0,33,0,0,389,0,0,0,0,11,0,24,12,15,0,10,2,0,0,0,0,0,0,66,0,386,0,0,0,0,0,47,20,0,0,552
d262cb8267beb0e218f6d11d6af9052e,107,94,0,0,0,0,0,0,0,53,0,0,1,0,0,3,0,2,3,1,283,195,30,255,138,51,61,28,0,59,0,8,0,0,31,1,0,0,133,291,9,14,8,3,0,0,0,0,0,0,0,0,0,0,0,0,0,0,3,10,0,11,22,0,1,1,0,46,0,0,26,0,24,65,1,243,0,4,9,2,12,16,0,0,32,0,0,159,0,0,0,0,32,0,15,0,0,0,0,0,0,0,0,0,0,0,1,0,21,0,0,8,0,0,23,22,0,0,42
d271ae0f4e9230af3b61eafe7f671fde,204,292,0,0,0,0,0,0,0,39,0,0,27,2,0,71,0,0,74,0,623,175,229,491,268,447,135,17,0,207,7,0,0,0,57,1,0,0,110,59,40,19,21,3,0,0,0,0,0,0,0,0,0,0,0,0,0,1,3,12,0,46,1,0,1,4,8,29,0,0,62,0,39,171,0,531,0,1,21,1,46,59,0,0,161,0,0,554,0,0,0,0,48,0,47,0,0,0,12,16,0,0,0,0,0,0,16,0,26,0,0,0,0,0,52,63,0,0,80
d2f1be7e10ed39aa8bc0f7f671d824d2,69,172,0,0,0,0,0,0,0,8,0,0,1,0,0,6,0,0,34,0,234,135,110,126,113,34,49,5,0,74,4,0,0,0,35,0,0,0,19,2251,10,1,11,3,0,0,0,0,0,0,0,0,0,0,0,0,0,1,3,34,0,33,0,0,0,2,15,15,0,0,15,0,13,23,0,136,0,0,11,0,0,33,0,0,52,0,0,192,0,0,0,0,0,0,12,0,0,0,13,0,0,0,0,0,0,0,6,0,2,0,0,0,0,0,27,13,0,0,63
d4c7f1f80883412f9796f1270accff50,233,289,0,0,0,0,0,0,0,48,0,0,10,2,0,40,0,0,36,0,642,199,236,570,299,553,140,21,0,254,6,0,0,0,40,1,0,0,205,47,46,20,20,3,0,0,0,0,0,0,0,0,0,0,0,0,0,1,3,14,0,51,1,0,2,5,8,25,0,0,47,0,33,221,0,548,0,1,20,1,55,67,0,0,171,0,0,692,0,0,0,0,55,0,48,0,0,0,12,2,0,0,0,0,0,0,16,0,28,0,0,0,0,0,56,57,0,0,90
d62cd4ad2a919b6acfa6d49d446dffdb,1419,32,0,0,0,0,0,0,0,47,0,0,0,0,0,23,1,0,27,2,1498,1546,0,1409,8,80,124,6,0,111,6,0,0,0,61,0,0,0,97,111,0,8,15,3,0,0,0,0,0,0,0,0,0,0,0,0,0,17,3,0,0,20,0,0,4,6,3,63,9,0,23,0,32,46,0,1702,0,0,15,2,0,18,0,0,20,0,0,224,0,0,0,0,4,0,17,12,15,0,10,2,0,0,0,0,0,0,57,0,366,0,0,0,0,0,32,21,0,0,536
d7796209412da17b2ee2ccf2309b4abf,260,1150,0,0,0,0,0,0,3,173,80,0,71,53,1,40,25,1,15,44,2420,1496,624,1081,720,321,197,68,0,808,10,0,0,0,307,6,0,0,535,663,51,11,114,3,0,0,0,0,0,0,0,0,0,0,0,0,0,9,3,98,0,6,12,0,12,16,38,150,12,0,183,0,196,598,0,1565,50,8,114,10,0,45,0,0,472,0,0,1989,0,0,4,1,25,0,115,0,0,0,4,10,0,0,0,0,1,0,16,0,28,0,0,0,0,0,88,172,0,1,139
d7aa32b7465f55c368230bb52d52d885,10,101,0,0,0,0,0,0,0,40,0,0,10,1,0,3,0,0,0,0,360,214,107,81,64,35,36,3,0,137,0,0,0,0,48,0,0,0,67,78,4,3,5,3,0,0,0,0,0,0,0,0,0,0,0,0,0,2,3,11,0,25,1,0,12,2,2,74,1,0,19,0,20,114,0,119,3,0,5,1,0,0,0,0,64,0,0,312,0,0,0,0,9,0,8,0,0,0,0,1,0,0,0,0,0,0,0,0,0,0,0,0,0,0,15,24,0,0,19
d8238e950608e5aba3d3e9e83e9ee2cc,504,1055,0,0,0,0,0,0,0,565,0,0,124,4,1,107,0,5,44,2,1685,1085,922,1985,721,1184,269,263,0,629,1,8,0,0,431,27,0,0,266,843,103,24,194,3,0,0,0,0,0,0,0,0,0,0,0,0,0,0,3,33,0,32,26,0,2,6,2,255,59,0,148,0,333,514,0,2689,0,4,193,2,67,83,0,0,362,0,0,1226,0,0,0,0,105,0,137,0,0,0,9,6,0,0,0,0,0,0,12,0,54,0,0,8,0,0,127,137,0,0,142
d9fbf759f527af373e34673dc3aca462,113,139,0,0,0,0,0,0,0,6,1,0,11,2,0,9,0,0,3,0,279,47,75,195,108,202,39,4,0,117,0,0,0,0,16,0,0,0,61,60,9,13,19,3,0,0,0,0,0,0,0,0,0,0,0,0,0,0,3,3,0,14,0,0,1,0,3,5,0,0,10,0,27,71,0,225,0,0,19,0,9,18,0,0,62,0,0,289,0,0,0,0,15,0,26,0,0,0,2,0,0,0,0,0,0,1,11,0,19,0,0,0,0,0,16,31,0,0,44
da383cc098a5ea8fbb87643611e4bfb6,94,567,0,0,0,0,0,0,0,35,8,0,22,2,0,33,0,0,2,0,1837,997,561,419,436,561,210,16,0,926,1,0,0,0,235,1,0,0,246,338,25,24,56,3,0,0,1,0,0,2,0,0,0,0,1,0,0,5,8,70,0,208,8,0,6,22,41,137,5,0,118,0,166,388,0,842,2,1,56,5,8,17,0,0,276,0,0,2015,0,0,0,0,1,0,47,0,0,0,0,4,0,0,0,0,0,1,2,0,19,0,0,0,0,0,64,125,0,0,108
da6b0ee7ec735029d1ff4fa863a71de8,15,122,0,0,0,0,0,0,0,12,0,0,13,3,0,0,0,0,0,0,459,345,123,82,79,58,38,5,0,174,0,0,0,0,30,0,0,0,33,95,7,1,19,3,0,0,0,0,0,1,0,0,0,0,0,0,0,3,3,3,0,40,0,0,3,4,0,28,0,0,19,0,36,150,0,167,0,0,19,2,0,4,0,0,71,0,0,461,0,0,0,0,20,0,15,0,0,0,0,1,0,0,0,0,0,0,0,0,0,0,0,0,0,0,11,26,0,0,24
db05df0498b59b42a8e493cf3c10c578,16427,26599,448,0,78,2,1,80,234,1489,77,54,859,25,111,2048,81,201,1798,101,50938,15386,15404,22497,18873,27971,13026,565,18,12832,135,2,1,0,5562,0,0,2,4443,13310,1023,73,2148,3,0,1,0,0,0,7,0,10,0,0,8,0,0,94,7,1765,0,595,185,0,483,416,696,3132,196,1,4802,0,7239,4542,1,44008,471,194,2150,220,148,1799,1,0,11324,12,0,36060,14,1,0,2,559,0,4724,282,175,2,205,396,0,0,9,13,17,22,767,0,1772,0,0,0,1,0,1424,9032,4,5,5955
db2580f5675f04716481b24bb7af468e,1107,2517,0,0,0,0,0,0,1,1244,13,3,229,30,3,255,5,6,121,15,3850,2109,1804,4350,1800,3322,744,586,0,1589,5,8,0,0,1091,30,0,0,338,1335,255,26,403,3,0,0,0,1,0,2,0,1,0,0,1,0,0,4,3,98,0,82,58,0,13,14,14,630,150,0,434,0,824,1208,0,5822,9,4,402,5,113,157,0,0,798,0,0,3103,0,0,0,0,145,0,268,0,0,0,34,17,0,0,0,0,4,0,33,0,92,0,0,8,0,0,339,342,0,0,297
db50416d9e67f4982e89e0ffb0ade6f3,168,207,0,0,0,0,0,0,0,39,0,0,0,0,0,30,0,0,26,0,423,141,180,357,203,309,101,18,0,147,7,0,0,0,30,0,0,0,125,35,28,14,15,3,0,0,0,0,0,0,0,0,0,0,0,0,0,1,3,14,0,49,0,0,1,4,10,19,0,0,26,0,20,102,0,378,0,1,15,1,29,38,0,0,124,0,0,334,0,0,0,0,34,0,38,0,0,0,12,0,0,0,0,0,0,0,17,0,19,0,0,0,0,0,42,35,0,0,61
ddf3db31f9fa21cd43ff19dde393aba8,260,1130,0,0,0,0,0,0,3,177,80,0,66,53,1,40,25,1,15,44,2435,1505,657,1087,717,321,197,71,0,809,10,0,0,0,308,6,0,0,530,670,51,15,114,3,0,0,0,0,0,0,0,0,0,0,0,0,0,9,3,98,0,6,12,0,12,16,38,150,12,0,183,0,196,602,0,1574,50,8,114,10,0,45,0,0,472,0,0,1995,0,0,4,1,25,0,115,0,0,0,4,9,0,0,0,0,1,0,16,0,28,0,0,0,0,0,88,171,0,1,139
e1b6940985a23e5639450f8391820655,16427,26599,448,0,78,2,1,80,234,1489,77,54,859,25,111,2048,81,201,1798,101,50938,15386,15404,22497,18873,27971,13026,565,18,12832,135,2,1,0,5562,0,0,2,4443,13311,1023,73,2148,3,0,1,0,0,0,7,0,10,0,0,8,0,0,94,7,1765,0,595,185,0,483,416,696,3132,196,1,4802,0,7239,4542,1,44008,471,194,2150,220,148,1799,1,0,11324,12,0,36060,14,1,0,2,559,0,4724,282,175,2,205,396,0,0,9,13,17,22,767,0,1772,0,0,0,1,0,1424,9032,4,5,5955
e476e4a24f8b4ff4c8a0b260aa35fc9f,1180,3951,0,0,0,0,0,0,0,914,218,0,295,23,0,276,88,0,165,47,7647,4057,1907,3125,2401,703,521,450,0,2251,28,0,0,0,1549,41,0,0,233,448,200,68,510,4,0,0,0,0,0,0,0,0,0,0,0,0,0,62,6,463,0,501,89,0,34,40,100,800,95,0,778,0,1099,1466,0,5014,436,11,510,77,12,87,0,0,930,0,0,4738,0,0,4,0,13,0,501,10,6,0,35,73,0,2,0,1,13,7,71,1,119,0,0,0,0,0,325,616,0,1,572
e54ce5f0112c9fdfe86db17e85a5e2c5,44,415,0,0,0,0,0,0,0,31,0,0,14,2,0,24,0,0,0,2,777,606,299,289,291,111,68,10,0,386,1,0,0,0,169,0,0,0,235,113,14,26,40,3,0,0,0,0,0,0,0,0,0,0,0,0,0,1,3,38,0,58,6,0,2,0,3,89,2,0,90,0,159,183,0,407,2,0,40,2,2,5,0,0,280,0,0,972,0,0,0,0,1,0,40,0,0,0,1,1,0,0,0,0,0,0,1,0,2,0,0,0,0,0,28,85,0,0,51
e83f60fb0e0396ea309faf0aed64e53f,44,415,0,0,0,0,0,0,0,31,0,0,14,2,0,24,0,0,0,2,777,606,299,289,291,111,68,10,0,386,1,0,0,0,169,0,0,0,235,113,14,26,40,3,0,0,0,0,0,0,0,0,0,0,0,0,0,1,3,38,0,58,6,0,2,0,3,89,2,0,90,0,159,183,0,407,2,0,40,2,2,5,0,0,280,0,0,972,0,0,0,0,1,0,40,0,0,0,1,1,0,0,0,0,0,0,1,0,2,0,0,0,0,0,28,85,0,0,51
ea1b44094ae4d8e2b63a1771a3e61fd5,1176,3910,0,0,0,0,0,0,0,903,206,0,298,27,0,261,88,0,151,45,7566,3991,1769,3012,2377,685,510,445,0,2190,28,0,0,0,1522,40,0,0,189,429,191,62,495,4,0,0,0,0,0,0,0,0,0,0,0,0,0,63,6,454,0,493,86,0,34,40,100,784,93,0,757,0,1079,1417,0,4914,420,11,495,75,12,86,0,0,890,0,0,4640,0,0,4,0,6,0,484,10,6,0,35,72,0,2,0,1,11,6,72,1,121,0,0,0,0,0,319,603,0,1,563
ec3a2197ca6b63ee1454d99a6ae145ab,270,388,0,0,0,0,0,0,0,60,1,2,21,0,0,44,1,4,21,0,837,442,212,609,244,193,136,24,0,186,2,8,0,0,196,1,0,0,237,591,29,29,42,3,0,0,0,0,0,0,0,1,0,0,1,0,0,3,3,32,0,17,44,0,5,4,9,99,35,0,111,1,84,99,0,732,3,8,45,5,20,39,0,0,141,0,0,455,0,0,4,0,18,0,70,0,0,5,11,6,0,0,0,0,0,1,21,0,45,0,0,8,0,0,71,57,0,1,68
ec8aa67b05407c01094184c33d2b5a44,105,130,0,0,0,0,0,0,0,6,1,0,11,2,0,9,0,0,3,0,254,42,70,185,97,178,38,4,0,97,0,0,0,0,16,0,0,0,27,61,9,8,18,3,0,0,0,0,0,0,0,0,0,0,0,0,0,0,3,3,0,14,0,0,1,0,3,4,0,0,10,0,23,59,0,209,0,0,18,0,9,18,0,0,58,0,0,253,0,0,0,0,15,0,25,0,0,0,2,0,0,0,0,0,0,1,11,0,19,0,0,0,0,0,15,27,0,0,42
ec8c89aa5e521572c74e2dd02a4daf78,219,245,0,0,0,0,0,0,0,93,0,0,20,2,0,71,0,2,2,0,630,147,194,570,248,398,98,38,0,119,0,8,0,0,115,2,0,0,145,287,29,9,8,3,0,0,0,0,0,0,0,0,0,0,0,0,0,0,3,8,0,13,17,0,13,34,41,71,0,1,36,0,36,123,0,680,0,8,8,2,26,72,0,0,54,0,0,352,0,0,0,0,89,0,26,0,0,0,6,0,0,0,0,0,0,0,44,0,79,0,0,8,0,0,42,43,0,0,62
eef80511aa490b2168ed4c9fa5eafef0,697,34,0,0,0,0,0,0,0,51,0,0,0,0,0,72,2,0,80,2,793,2345,0,723,5,130,383,34,0,90,6,0,0,0,157,0,0,0,34,49,6,7,19,3,0,0,0,0,0,0,0,0,0,0,0,0,0,26,3,6,0,11,0,0,10,117,0,258,3,0,22,0,9,126,0,2005,0,0,19,0,0,7,0,0,27,0,0,221,0,0,0,0,4,0,21,0,0,0,13,0,0,0,0,0,0,0,30,0,0,0,0,0,0,0,63,11,0,0,16
ef6c375e3e6930e2b50e1e97fe6fbcc9,102,206,0,0,0,0,0,0,0,35,2,0,1,0,0,36,0,0,18,0,351,118,130,348,139,317,63,17,0,157,8,0,0,0,28,69,0,0,15,282,15,2,52,3,0,0,0,0,0,0,0,0,0,0,0,0,0,1,3,10,0,58,0,0,0,4,8,51,0,0,20,0,10,130,0,426,0,1,52,2,12,18,0,0,81,0,0,274,0,0,0,0,13,0,41,0,0,0,17,1,0,0,0,0,0,0,13,0,9,0,0,0,0,0,34,18,0,0,27
ef8e0fb20e7228c7492ccdc59d87c690,16658,20793,201,0,0,12,0,2,129,1377,71,51,767,24,95,1717,74,122,1676,98,40666,11764,13741,19779,15668,25478,10773,519,0,10014,85,0,0,0,4644,1,0,0,3303,13474,921,49,1654,3,0,1,0,0,0,7,0,10,0,0,8,0,0,73,6,2190,0,397,154,0,372,303,540,2375,369,0,3898,0,5470,3611,0,39060,118,121,1654,189,314,2093,0,0,8680,0,0,27757,0,0,0,2,623,0,3734,488,52,0,147,328,0,0,7,8,14,25,716,0,1337,0,0,0,0,0,1062,7003,0,0,5257
f1e5d9bf7705b4dc5be0b8a90b73a863,37,169,0,0,0,0,0,0,0,27,2,0,18,1,0,23,0,0,2,0,514,312,165,173,136,56,32,10,0,200,1,0,0,0,68,0,0,0,70,86,5,5,15,3,0,0,0,0,0,0,0,0,0,0,0,0,0,1,3,8,0,45,1,0,5,10,12,34,1,0,28,0,51,129,0,235,0,0,15,0,0,13,0,0,130,0,0,488,0,0,0,0,30,0,20,0,0,0,6,0,0,0,0,0,0,0,23,0,20,0,0,0,0,0,23,26,0,0,36
f3611c5c793f521f7ff2a69c22d4174e,1464,3188,0,0,0,0,0,0,3,1623,15,3,290,55,3,336,8,6,145,20,4801,2723,2364,5615,2282,4724,1040,764,0,2145,7,8,0,0,1350,30,0,0,257,1668,301,31,531,3,0,0,0,1,0,2,0,1,0,0,1,0,0,4,3,114,0,126,61,0,20,23,16,846,177,0,560,0,1078,1617,0,7645,16,4,530,8,139,192,0,0,970,0,0,4141,0,0,0,0,165,0,318,0,0,0,48,21,0,0,0,0,7,0,49,0,103,0,0,8,0,0,473,483,0,0,344
f4ed3b7a8a58453052db4b5be3707342,44,464,0,0,0,0,0,0,0,31,2,0,15,2,0,28,0,0,0,2,936,725,311,270,313,128,76,10,0,439,1,0,0,0,178,0,0,0,293,116,16,24,45,3,0,0,0,0,0,0,0,0,0,0,0,0,0,1,3,41,0,61,7,0,2,0,5,99,2,0,96,0,166,233,0,455,2,0,45,0,2,5,0,0,280,0,0,1143,0,0,0,0,1,0,46,0,0,0,1,0,0,0,0,0,0,0,1,0,3,0,0,0,0,0,34,92,0,0,60
f627990bbe2ec5c48c180f724490c332,219,245,0,0,0,0,0,0,0,93,0,0,20,2,0,71,0,2,2,0,630,147,194,570,248,398,98,38,0,119,0,8,0,0,115,2,0,0,145,286,29,9,8,3,0,0,0,0,0,0,0,0,0,0,0,0,0,0,3,8,0,13,17,0,13,34,41,71,0,1,36,0,36,123,0,680,0,8,8,2,26,72,0,0,54,0,0,352,0,0,0,0,89,0,26,0,0,0,6,0,0,0,0,0,0,0,44,0,79,0,0,8,0,0,42,43,0,0,62
f6655e39465c2ff5b016980d918ea028,105,130,0,0,0,0,0,0,0,6,1,0,11,2,0,9,0,0,3,0,254,42,70,185,97,178,38,4,0,97,0,0,0,0,16,0,0,0,27,61,9,8,18,3,0,0,0,0,0,0,0,0,0,0,0,0,0,0,3,3,0,14,0,0,1,0,3,4,0,0,10,0,23,59,0,209,0,0,18,0,9,18,0,0,58,0,0,253,0,0,0,0,15,0,25,0,0,0,2,0,0,0,0,0,0,1,11,0,19,0,0,0,0,0,15,27,0,0,42
f7c63592ffb87b81ce45c89d207e9403,746,839,0,0,0,0,0,0,0,371,3,1,9,1,0,25,2,1,29,0,1829,807,799,1541,830,703,383,178,0,603,1,0,0,0,298,84,0,0,307,411,53,37,163,3,0,0,0,0,0,0,0,0,0,0,0,0,0,0,3,21,0,64,6,0,0,5,5,208,14,0,191,0,254,415,0,2012,2,0,163,1,69,149,0,0,364,0,0,1254,0,0,0,0,62,0,155,0,0,0,15,1,0,0,0,0,0,1,83,0,93,0,0,0,0,0,73,117,0,0,166
f7f85d7f628ce62d1d8f7b39d8940472,76,376,0,0,0,0,0,0,0,62,0,0,29,3,0,22,0,0,13,0,1035,695,317,302,283,146,128,27,0,381,10,0,0,0,102,1,0,0,207,159,17,12,32,3,0,0,0,0,0,0,0,0,0,0,0,0,0,3,4,41,0,99,3,0,7,15,17,65,1,0,52,0,67,252,0,452,31,0,32,0,0,27,0,0,244,0,0,1040,0,0,0,0,24,0,43,0,0,0,8,0,0,0,0,0,1,0,29,0,26,0,0,0,0,0,24,65,0,0,49
f802b6e448c054c9c16b97ff85646825,41,182,0,0,0,0,0,0,0,27,2,0,18,1,0,25,0,0,2,0,575,343,169,170,139,60,33,10,0,223,2,0,0,0,72,0,0,0,117,79,5,14,17,3,0,0,0,0,0,0,0,0,0,0,0,0,0,2,3,9,0,43,2,0,5,11,12,38,1,0,29,0,56,140,0,253,0,0,17,0,0,13,0,0,138,0,0,534,0,0,0,0,29,0,22,0,0,0,6,0,0,0,0,0,0,0,23,0,20,0,0,0,0,0,25,30,0,0,38
f8437e44748d2c3fcf84019766f4e6dc,113,139,0,0,0,0,0,0,0,6,1,0,11,2,0,9,0,0,3,0,279,47,75,195,108,202,39,4,0,117,0,0,0,0,16,0,0,0,61,60,9,13,19,3,0,0,0,0,0,0,0,0,0,0,0,0,0,0,3,3,0,14,0,0,1,0,3,5,0,0,10,0,27,71,0,225,0,0,19,0,9,18,0,0,62,0,0,289,0,0,0,0,15,0,26,0,0,0,2,0,0,0,0,0,0,1,11,0,19,0,0,0,0,0,16,31,0,0,44
fab6b0b33d59f393e142000f128a9652,44,464,0,0,0,0,0,0,0,31,2,0,15,2,0,28,0,0,0,2,936,725,311,270,313,128,76,10,0,439,1,0,0,0,178,0,0,0,293,115,16,23,45,3,0,0,0,0,0,0,0,0,0,0,0,0,0,1,3,41,0,61,7,0,2,0,5,99,2,0,96,0,166,233,0,455,2,0,45,0,2,5,0,0,280,0,0,1143,0,0,0,0,1,0,46,0,0,0,1,0,0,0,0,0,0,0,1,0,3,0,0,0,0,0,34,92,0,0,60
fb671e6de6e301c892d2fdaa58f9cd9a,697,34,0,0,0,0,0,0,0,51,0,0,0,0,0,72,2,0,80,2,793,2345,0,723,5,130,383,34,0,90,6,0,0,0,157,0,0,0,34,49,6,7,19,3,0,0,0,0,0,0,0,0,0,0,0,0,0,26,3,6,0,11,0,0,10,117,0,258,3,0,22,0,9,126,0,2005,0,0,19,0,0,7,0,0,27,0,0,221,0,0,0,0,4,0,21,0,0,0,13,0,0,0,0,0,0,0,30,0,0,0,0,0,0,0,63,11,0,0,16
fc1937c1aa536b3744ebdfb1716fd54d,1859,1171,0,0,0,0,0,0,0,234,33,0,77,5,0,159,24,0,135,11,3559,1046,1805,1153,780,951,388,104,0,1203,12,0,0,0,767,1,0,0,133,408,106,31,301,2,0,0,0,0,0,0,0,0,0,0,0,0,0,11,3,223,0,91,34,0,23,40,48,585,37,0,480,0,517,518,0,3402,66,0,301,0,1,66,0,0,551,0,0,1675,0,0,0,0,0,0,306,0,0,0,4,0,0,0,0,0,4,4,52,0,54,0,0,0,0,0,158,421,0,3,581
fe8ff84a23feb673a59d8571575fee0b,40,31,0,0,0,0,0,0,0,2,1,0,3,0,0,2,0,0,0,0,54,13,9,95,48,55,4,1,0,30,0,0,0,0,0,0,0,0,49,39,7,5,4,3,0,0,0,0,0,0,0,0,0,0,0,0,0,0,3,0,0,7,0,0,0,0,0,1,0,0,0,0,1,31,0,77,0,0,4,0,7,15,0,0,11,0,0,91,0,0,0,0,20,0,5,0,0,0,0,0,0,0,0,0,1,0,0,0,7,0,0,0,0,0,10,2,0,0,11
