file_name,entropy,file_size
001dd76872d80801692ff942308c64e6,0.8046028873711191,32768
002325a0a67fded0381b5648d7fe9b8e,0.7983490538144349,33792
00dbb9e1c09dbdafb360f3163ba5a3de,0.7897308001615987,65024
0149b7bd7218aab4e257d28469fddb0d,0.7258438941430927,17408
01e0dc079d4e33d8edd050c4900818da,0.7355407177850457,131072
02c65973b6018f5d473d701b3e7508b2,0.7726903601498518,94208
034374db2d35cf9da6558f54cec8a455,0.7852739363076897,41472
0496e3b17cf40c45f495188a368c203a,0.6918464716071233,21504
052ec04866e4a67f31845d656531830d,0.7986374757435039,33829
065e63afdfa539727f63af7530b22d2f,0.7989682435327322,53248
0908d8b3e459551039bade50930e4c1b,0.8166510588188743,157732
09531f851ef74a7238685fd287a395bd,0.7164586809452909,15360
097b5abb53a3d84fa9eabda02fef9e91,0.6200545307183649,8704
09d372e4259980ac95fdadf1846578d9,0.7172293316184714,8704
0b506c6dde8d07f9eeb82fd01a6f97d4,0.7733474591300828,182820
0b680e7bd5c0501d5dd73164122a7faf,0.6769396910610279,22528
0c28ad34f90950bc784339ec9f50d288,0.7560428551270437,151552
0c5e9f564115bfcbee66377a829de55f,0.7700259674882858,14848
0ca6e2ad69826c8e3287fc8576112814,0.7379149492998965,15872
0cf9e999c574ec89595263446978dc9f,0.9865752357273874,300032
0d0240672a314a7547d328f824642da8,0.663719894191602,41188
0dd3677594632ce270bcf8af94819caf,0.7246553748749082,13824
11504971bb85cdacb8ef7d45e6e2aeb7,0.921732111117256,90112
120c2e085992ff59a21ba401ec29fec9,0.7646809093647099,22528
123505024f9e5ff74cb6aa67d7fcc392,0.7777032998803413,190500
12f25ce81596aeb19e75cc7ef08f3a38,0.8230292247552687,638976
1328eaceb140a3863951d18661b097af,0.8962393713580419,143512
13f0b56c28995e4efc8da784ad862853,0.6859135657391651,6656
1415eb8519d13328091cc5c76a624e3d,0.7258734197576273,17408
15244d2321faa3a271ff0b1e5a23148f,0.7884757013178946,49664
15901ddbccc5e9e0579fc5b42f754fe8,0.8032698189350466,37888
165ef79e7caa806f13f82cc2bbf3dedd,0.682714229522801,9728
17199ddac616938f383a0339f416c890,0.6476851058302878,41188
173cd315008897e56fa812f2b2843f83,0.6739729977097287,8704
17f5a2e0997b59449ca2120b20b5b7ce,0.7163328931449128,13824
1a0c7e61bcc50d57b7bcf9d9af691de5,0.616787885910064,42052
1c16bd1488163c03cd506c2f71486a0f,0.7282386877950916,15360
1ca3ca9ec20474d07fc798f2b41e2625,0.7210963100642419,8192
1ce4605e771a04e375e0d1083f183e8e,0.7322424116776279,17408
1e314c972075b8058099fd8759c11ce8,0.9863605689021708,654336
1e5ec6c06e4f6bb958dcbb9fc636009d,0.6119578383450679,7168
1ea61a0945bde3c6f41e12bc01928d37,0.7434191988484291,73728
1f2eb7b090018d975e6d9b40868c94ca,0.6673433472791912,7168
1f92ff8711716ca795fbd81c477e45f5,0.7266177739555283,14336
225e33508861984dd2a774760bfdfc52,0.7183577872193518,9216
23059de2797774bbdd9b21f979aaec51,0.7497771482548566,12288
24259ae8b0018b0ce9992fb1d9b69e2a,0.9913755619394916,396800
2479a9a50308cb72fcd5e4e18ef06468,0.7220208420303129,13312
268988aa1df82ab073f527b5b6c8bff7,0.982868222090859,44544
268eef019bf65b2987e945afaf29643f,0.8367052795775979,570880
270d42f292105951ee81e4085ea45054,0.7358384136780782,13312
277964807a66aeeb6bd81dbfcaa3e4e6,0.7627216754116806,83456
29c691978af80dc23c4df96b5f6076bb,0.8047056656743482,50689
2b659d71ae168e774faaf38db30f4a84,0.7298564475117021,15360
2ba0d0083976a5c1e3315413cdcffcd2,0.6666511870095646,8192
2bd02b41817d227058522cca40acd390,0.8197556182611593,160292
2c49f47c98203b110799ab622265f4ef,0.6907126334977178,21504
2daa4a4574ba06aa3203ae0e0b45b3b8,0.9305699798487396,206560
2dd892986b2249b5214639ecc8ac0223,0.6666858608733733,8192
2f930d92dc5ebc9d53ad2a2b451ebf65,0.8047004683384551,32768
2fccaa39533de02490b1c6395878dd79,0.7987990907132074,53760
30e78d186b27d2023a2a7319bb679c3f,0.7606526519122949,15872
3107de21e480ab1f2d67725f419b28d0,0.7733483456184511,182820
3120fc8630c5252002f26f6e11b09eca,0.650853853371557,139264
31e5e58dbdfad05175613e795298ebb5,0.911707261632859,190931
321d75c9990408db812e5a248a74f8c8,0.7494342333825059,126976
33de5067a433a6ec5c328067dc18ec37,0.6616198332421953,8192
36c0d3f109aede4d76b05431f8a64f9e,0.7323714110756557,17408
36cd49ad631e99125a3bb2786e405cea,0.7977248480050552,46592
36d5c8fc4b14559f73b6136d85b94198,0.728984942113568,15360
37ddd3d72ead03c7518f5d47650c8572,0.7063207659101753,16896
37eee514b04167f8e17e2caa3bfd3049,0.6634354992532291,23610
390d1f2a620912104f53c034c8aef14b,0.7163831458068047,13312
3b1b190407b868406c5c155a79f3d146,0.7635403416403462,44544
3c1b2fabb7d74bc5be0820eae4107f8a,0.6743378168959775,9216
3de1bd0f2107198931177b2b23877df4,0.7971180748782022,353792
3e69945e5865ccc861f69b24bc1166b6,0.7266660264910269,14336
3e6ed3ee47bce9946e2541332cb34c69,0.7265266693157609,14336
3e87051b1dc3463f378c7e1fe398dc7d,0.7992115725715364,26112
3f8682ab074a097ebbaadbf26dfff560,0.793045157358223,20314
4192479b055b2b21cb7e6c803b765d34,0.6913438160728611,24064
41a5d40ecc735172b18b61e01a30a178,0.6659680410326231,7168
435991e0c67f0c0b4504355b6d4493f0,0.7314152172127953,13312
438983192903f3fecf77500a39459ee6,0.7670920854510643,16384
43b844c35e1a933e9214588be81ce772,0.8116607667565992,41984
44066f29aab6a9379f8dd30f6bec257d,0.7332099652136621,9216
468ff2c12cffc7e5b2fe0ee6bb3b239e,0.8217019750107942,754176
471005f73280264c48f769e1c21fbcc1,0.7317788747625265,13312
476fea8761a03bef16e322996c2f6666,0.9842941977457488,123904
47e7f92419eb4b98ff4124c3ca11b738,0.6529578151452511,8704
4a54d7878d4170c3d4e3c3606365c42c,0.7733547838996895,182820
4b19a2a6d40a5825e868c6ef25ae445e,0.7928588494776861,20314
4c6bddcca2695d6202df38708e14fc7e,0.8369063075392458,647168
4c858a80df0d6de5d69824c9502b65cf,0.6901733446992829,21504
4c9c9dbf388a8d81d8cfb4d3fc05f8e4,0.7286655933590634,15360
4cabfaef26fd8e5aec01d0c4b90a32f3,0.7930806696331317,24064
4e551abcd14506092a0f8d54a45f3569,0.7755406514326133,527768
4f763b07a7b8a80f1f9408e590f79532,0.7775654149374305,190500
50f35b7c86aede891a72fcb85f06b0b7,0.7802381595609037,55808
5100f0a34695c4c9dc7e915177041cad,0.8192102831921217,89600
51326bf40da5a5357a143dd9a6e6a11c,0.7051972782911033,11264
523cf1c9741f5f9d11388a58de6a83a4,0.5788824392568492,12288
523f56515221161579ee6090c962e5b1,0.7269639239828009,13824
53b263dd41838aa178a5ced338a207f3,0.7433931087835071,73728
543e03cc5872e9ed870b2d64363f518b,0.7489691451168674,126976
54d5d171a482278cc8eacf08d9175fd7,0.7829023054010159,18142
55886d571c2a57984ea9659b57e1c63a,0.8046695426846759,32768
55fb1409170c91740359d1d96364f17b,0.6527551731229361,20480
56de2854ef64d869b5df7af5e4effe3e,0.7920805041931906,20314
57326cd78a56d26e349bbd4bcc5b9fa2,0.7512528271595253,151552
575836ebb1b8849f04e994e9160370e4,0.7403992718466701,10240
57e79f7df13c0cb01910d0c688fcd296,0.7181366228965896,14336
57f98d16ac439a11012860f88db21831,0.7072567644103859,10752
5a728cb9ce56763dccb32b5298d0f050,0.8379013207576471,594944
5aeaa53340a281074fcb539967438e3f,0.7268533004013064,14336
5bcaa2f4bc7567f6ffd5507a161e221a,0.7227838586850127,9728
5bd5a22d42c04db7ac1343a2a9f471fe,0.7487882539965028,147456
5c4806b5859b35a3df03763e9c7ecbf6,0.982852256131256,44544
5c6f30cc369cd164d44941d381e282cc,0.6137999213452613,774144
5d8129be965fab8115eca34fc84bd7f0,0.9379939680969308,40654
5e42780f52763c77d592044e535e4b01,0.7235291756068349,19968
5ff3269faca4a67d1a4c537154aaad4b,0.7434071249374434,73728
605c1dc91a5c85024160ce78dfac842d,0.6774105141736378,22528
6377ec0c87f4ec1e7897751dd85d73d4,0.9881367004338912,1223948
649d54bc9eef5a60a4b9d8b889fee139,0.7102142964925316,50688
65018cd542145a3792ba09985734c12a,0.6617313755418918,8192
650a6fca433ee243391e4b4c11f09438,0.6666509776935138,8192
6570163cd34454b3d1476c134d44b9d9,0.7267115417804789,14336
6576c196385407b0f7f4b1b537d88983,0.6666388049368117,8192
67504a0c2c2bf47efccdab5ca981ad7d,0.8186840474021692,229360
6808ec6dbb23f0fa7637c108f44c5c80,0.8152801550623009,158244
689dcd40d5eae8c0d315265f3d90ffae,0.7019610227144379,45056
6a4fbcfb44717eae2145c761c1c99b6a,0.7900600448554984,27640
6b3d19cc86d82b06f5db3ae9d5ba8a5f,0.7513582824438606,8704
6bf8f1f99ac5bba0db1b66518df378a4,0.7028623170498594,19968
6d2320af561b2315c1241e3efd86067f,0.7620705183871646,18432
6e442c5ef460bee4c9457c6bf7a132d6,0.6043945241108953,6656
6e8f302794cfaae731840e345063e652,0.6758083586000511,122880
6ebd05a02459d3b22a9d4a79b8626bf1,0.8384961362860794,57344
6f9992c486195edcf0bf2f6ee6c3ec74,0.799162338089637,536147
6faa4740f99408d4d2dddd0b09bbdefd,0.6667690880958389,8192
6fbf667e82c1477c4ce635b57b83bfa0,0.7499303889330229,12288
70a55fdc712c6e31e013e6b5d412b0d6,0.5991172881825865,514048
727a6800991eead454e53e8af164a99c,0.8217044519906499,754176
7388d67561d0a7989202ad4d37eff24f,0.7305756408057857,20712
73d125f84503bd87f8142cf2ba8ab05e,0.7404104002719706,10240
75dad1ccabae8adeb5bae899d0c630f8,0.7945071180896096,20314
769aeae232c6162cedcb6c7255640c4c,0.6113425792781113,6656
7704ad9e8e0e3d75075e4c294f698d53,0.6296410920702428,6656
7712d05c8b499fc7a1f4a6a6b6dee825,0.8119447381704117,151552
77fbfed235d6062212a3e43211a5706e,0.7754552986880318,56320
785003a405bc7a4ebcbb21ddb757bf3f,0.6667409305983709,8192
7a670d13d4d014169c4080328b8feb86,0.728235470599688,15360
7a7a46e8fbc25a624d58e897dee04ffa,0.6786569751295966,10240
7acb0d1df51706536f33bbdb990041d3,0.7845269007852693,54152
7aecb34616245eb6b2906358151be55b,0.9862961934574332,301056
7b42b35832855ab4ff37ae9b8fa9e571,0.7920591579525551,34304
7cb055ac3acbf53e07e20b65ec9126a1,0.8269442002332331,627699
7d3140bd028f70f1fa865364b69c5999,0.6951259793130582,33280
7f1a4bc267ace340a5aa7a0b79cbf349,0.9152602793368549,299008
80856bd8ef7d5dbc3dc774f581855549,0.4724589201637561,176218
81b03cbcfc4b9d090cd8f5e5da816895,0.7755658041684359,56320
827040a5f5ae8de281a63899224b2f3a,0.8094225483764538,548848
830a748959bdd1ad3b6a1f72aab6f063,0.6251776945046229,28672
831a67dc75e2d4505180888747bc8ea9,0.7503614031679545,8704
8442ae37b91f279a9f06de4c60b286a3,0.6674618518378843,7168
8462a62f13f92c34e4b89a7d13a185ad,0.7786086452010518,34138
871cc547feb9dbec0285321068e392b8,0.7179557804532934,14336
88c7c50cd4130561d57a1d3b82c5b953,0.7920913957803105,34304
88dbcc682635b4013bcba5ad28bb976b,0.5677066004018465,6656
8934aeed5d213fe29e858eee616a6ec7,0.7733618437286133,182820
8a86df3d382bfd1e4c4165f4cacfdff8,0.7999087637720494,33792
8b75bcbff174c25a0161f30758509a44,0.666793404609048,8192
8e8622c393d7e832d39e620ead5d3b49,0.8311986511785965,598528
929802a27737cebc59d19da724fdf30a,0.9858885122901461,305152
933b11bc4799f8d9f65466fb2e3ea659,0.7725892587515242,94208
94a59ce0fadf84f6efa10fe7d5ee3a03,0.7309815692397736,79872
95d85aa629a786bb67439a064c4349ec,0.7234192849216754,19968
95f25d3afc5370f5d9fd8e65c17d3599,0.8142449008024745,158756
9675827a495f4ba6a4efd4dd70932b7c,0.7731594872305455,32768
973f4a238d6d19bdc7b42977b07b9cef,0.792075948699014,34304
98409dbf432419024dbf028c004344c1,0.8281786885742533,770560
989b797c2a63fbfc8e1c6e8a8ccd6204,0.7500663878731926,126976
99a39866a657a10949fcb6d634bb30d5,0.6616553097572183,8192
9e860622fee66074dfe81dcfcc40c4e2,0.6625343136968478,41188
9ea3c16194ce354c244c1b74c46cd92e,0.6674602587525935,7168
9f11bc08af048c5c3a110e567082fe0b,0.7533050601837299,13824
9fc3ed6c9b8056fbf155f79569ca7cb1,0.7341124590105963,9216
a241eec892637dec971bd925a40d3efb,0.7238823273079554,19968
a2534e9b7e4146368ea3245381830eb0,0.7081550130432807,9216
a2cd1189860b9ba214421aab86ecbc8a,0.7324688934937174,13824
a316d5aeca269ca865077e7fff356e7d,0.6666089576003829,8192
a38a367d6696ba90b2e778a5a4bf98fd,0.7179945620884816,9728
a40e20ff8b991308f508239625f275d8,0.6411953825043751,28962
a565682d8a13a5719977223e0d9c7aa4,0.7624001497347062,18432
a5b581c0600815b1112ca2fed578928b,0.6965836758822408,10752
a5d4ebc0285f0213e0c29d23bc410889,0.8142353040152177,158756
a639f598d4c0b9aa7a4691d05f27d977,0.6908418517554183,21504
a8b2ac446c614fd5d4880d95369deb3b,0.7031241923048533,19968
a8f259bb36e00d124963cfa9b86f502e,0.7320488069010129,15360
a99e06e2f90db4e506ef1347a8774dd5,0.7217473125634696,16384
aa4f1ecc4d25b33395196b5d51a06790,0.7296819091072906,15360
ab00b38179851c8aa3f9bc80ed7baa23,0.5859733249147181,7168
ab208f0b517ba9850f1551c9555b5313,0.7267052636991539,14336
ac87816b9a371e72512d8fd82f61c737,0.6748595716311535,8704
af2745e8888f2ba17a9cf2e0779d3874,0.7310672560186668,20480
af2f7b070245c90bd2a0a0845314173a,0.6906813640205799,21504
af719814507fdca4b96184f33b6b92ea,0.7729647963902584,265200
b07322743778b5868475dbe66eedac4f,0.6672634238138413,7168
b3848edbabfbce246a9faf5466e743bf,0.7123588195648326,57344
b3bc979d8de3be09728c5de1a0297c4b,0.7614340742818183,18432
b5e9ce72771217680efaeecfafe3da3f,0.7660040442057877,20480
b74022a7b9b63fdc541ae0848b28a962,0.7920723716160155,34304
b8277cce81e0a372bc35d33a0c9483c2,0.6911222877983031,21504
b8f61242e28f2edf6cb1be8781438491,0.7608032334114062,15872
ba0c4d3dbf07d407211b5828405a9b91,0.7327166286840474,17408
baabd9b76bff84ed27fd432cfc6df241,0.6905441160038809,21504
bac2e89bd92ce23e1e93a63d26dea01a,0.7037958422473432,7680
bc723e4f93a3bf85f4d1e1910393d1a3,0.7878639615323928,51712
bcb087f69792b69494a3edad51a842bb,0.6982024826917926,10752
bcbdef1678049378be04719ed29078d2,0.6627386996101302,41188
bd8b082b7711bc980252f988bb0ca936,0.8292534052106735,762880
bdd2ad4c0e1e5667d117810ae9e36c4b,0.7532812774141564,13825
bf0ee4367ea32f8e3b911c304258e439,0.7533180572262671,13824
bf80dbf969b73790253f683cd723fd71,0.6959373501289495,10240
c0134285a276ab933e2a2b9b33b103cd,0.8154058279889119,80896
c044715c2626ab515f6c85a21c47c7dd,0.7221907206856161,14336
c04c796ef126ad7429be7d55720fe392,0.9856578436948956,304640
c0a33a1b472a8c16123fd696a5ce5ebb,0.6665691454536704,8192
c110f08399c5dca64d7dc4539eb82083,0.7373521838748038,110592
c1bd23ece59e36143d80f7eec0e38c52,0.7884246035842105,33280
c39e272e9ea15d61e0c8e6b749a1ad46,0.6359267257449988,28672
c3e5603a38e700274d1ab30ce93d08b9,0.7329781307701545,13312
c41e44045cebebfba234063de8fd7c4d,0.7228452021369783,19968
c4c638750526e28f68d6d71fd1266bdf,0.7921989180788913,34304
c6a4bb1a4e4f69ec71855d70d6960859,0.8378416128700681,573952
c9172b3e83c782bc930c06b628f31fa5,0.7919637089668603,34304
c91eacab7655870764d13ba741aa9a73,0.8152391649630708,158244
c99fa835350aa9e2427ce69323b061a9,0.8350553532204191,647599
ca327bc83fbe38b3689cd1a5505dfc33,0.7788269539184646,191524
ca6fe7a1315af5afeac2961460a80569,0.6666822409260483,8192
cc3a9a7b026bfe0e55ff219fd6aa7d94,0.7282444562733472,15360
cf038194f0fe222f31ec24cb80941bb1,0.8025609775733872,81920
cf9c2d5a8fbdd1c5adc20cfc5e663c21,0.9856586228411264,304640
d0d5a20c5a6c4fddab4d43b85632b6a9,0.9144847592877728,296448
d16947b200afa74a917f055597b772c0,0.7283134384732847,15360
d22863c5e6f098a4b52688b021beef0a,0.6912801436192559,24064
d262cb8267beb0e218f6d11d6af9052e,0.7586781137100347,24064
d271ae0f4e9230af3b61eafe7f671fde,0.7445865829095588,12800
d2f1be7e10ed39aa8bc0f7f671d824d2,0.8386059649496885,57344
d34e357461c55d90c52309c1ff952b4c,0.9862916517281046,301056
d4ba6430996fb4021241efc97c607504,0.7749462761129228,657392
d4c7f1f80883412f9796f1270accff50,0.7432490565130753,14336
d62cd4ad2a919b6acfa6d49d446dffdb,0.7025441672623052,19968
d7796209412da17b2ee2ccf2309b4abf,0.764320861719159,56208
d7aa32b7465f55c368230bb52d52d885,0.6332964840452886,9852
d8238e950608e5aba3d3e9e83e9ee2cc,0.7434088205548048,73728
d8b7b276710127d233abcdb7313aac36,0.7749454016934829,657392
d9fbf759f527af373e34673dc3aca462,0.6666886748074348,8192
da383cc098a5ea8fbb87643611e4bfb6,0.7842230865638125,35328
da6b0ee7ec735029d1ff4fa863a71de8,0.6649710018362531,10752
db05df0498b59b42a8e493cf3c10c578,0.8292533697839466,762880
db2580f5675f04716481b24bb7af468e,0.7355377714205907,131072
db50416d9e67f4982e89e0ffb0ade6f3,0.7341939784669667,9216
dd21d1ea2146861a4219b1cbdaefe59b,0.9862887765112416,301056
ddf3db31f9fa21cd43ff19dde393aba8,0.7656838916599088,56208
e1b6940985a23e5639450f8391820655,0.8291372414996796,762880
e476e4a24f8b4ff4c8a0b260aa35fc9f,0.7483148827101473,497783
e480c8839e819eaa9b19d53acfa95052,0.997339358796817,20656
e54ce5f0112c9fdfe86db17e85a5e2c5,0.7323560799107857,17408
e689b1fb0610b752f42adafc403fa49f,0.9842963794293788,123904
e83f60fb0e0396ea309faf0aed64e53f,0.7330713134610842,17408
ea1b44094ae4d8e2b63a1771a3e61fd5,0.7801264717954707,548372
ec3a2197ca6b63ee1454d99a6ae145ab,0.7044311624190546,48640
ec8aa67b05407c01094184c33d2b5a44,0.6673681209999739,7168
ec8c89aa5e521572c74e2dd02a4daf78,0.7920366299222258,34304
eef80511aa490b2168ed4c9fa5eafef0,0.6769103429924299,22528
ef6c375e3e6930e2b50e1e97fe6fbcc9,0.4369119184141573,28672
ef8e0fb20e7228c7492ccdc59d87c690,0.8365780387026805,647680
f1e5d9bf7705b4dc5be0b8a90b73a863,0.7116556902512368,9728
f3611c5c793f521f7ff2a69c22d4174e,0.7560474017358532,151552
f4ed3b7a8a58453052db4b5be3707342,0.7235948587954785,19968
f627990bbe2ec5c48c180f724490c332,0.7922218698157459,34304
f6655e39465c2ff5b016980d918ea028,0.6672547905695024,7168
f7c63592ffb87b81ce45c89d207e9403,0.7337071957914201,75264
f7f85d7f628ce62d1d8f7b39d8940472,0.7258175950318362,17408
f802b6e448c054c9c16b97ff85646825,0.7304958502571481,10240
f8437e44748d2c3fcf84019766f4e6dc,0.6667429346167351,8192
fab6b0b33d59f393e142000f128a9652,0.7231422250192034,19968
fb671e6de6e301c892d2fdaa58f9cd9a,0.6776564878674162,22528
fc1937c1aa536b3744ebdfb1716fd54d,0.8975311308331533,144340
fcdaa67e33357f64bc4ce7b57491fc53,0.9864138577119732,300544
fe8ff84a23feb673a59d8571575fee0b,0.7256637050727085,52224
