file_name,vertex_count,edge_count,delta_max,density
b3bc979d8de3be09728c5de1a0297c4b,238,253,50,0.35988620199146515
95f25d3afc5370f5d9fd8e65c17d3599,1202,2956,83,0.014101169691071804
54d5d171a482278cc8eacf08d9175fd7,402,415,94,0.4819976771196283
b8f61242e28f2edf6cb1be8781438491,225,238,50,0.3385490753911807
80856bd8ef7d5dbc3dc774f581855549,135,157,83,0.9181286549707602
bd8b082b7711bc980252f988bb0ca936,4769,12832,91,0.005559729396462605
ec8c89aa5e521572c74e2dd02a4daf78,106,119,36,3.3055555555555554
88c7c50cd4130561d57a1d3b82c5b953,106,119,36,3.3055555555555554
d4c7f1f80883412f9796f1270accff50,239,254,46,1.2095238095238094
db2580f5675f04716481b24bb7af468e,1164,1589,121,0.019519445741100164
f6655e39465c2ff5b016980d918ea028,101,97,21,0.5672514619883041
523cf1c9741f5f9d11388a58de6a83a4,37,34,9,1.619047619047619
2bd02b41817d227058522cca40acd390,1229,3022,84,0.014195924426197165
b5e9ce72771217680efaeecfafe3da3f,293,314,53,0.4025641025641026
f627990bbe2ec5c48c180f724490c332,106,119,36,3.3055555555555554
a8f259bb36e00d124963cfa9b86f502e,293,470,55,0.43478260869565216
eef80511aa490b2168ed4c9fa5eafef0,78,90,40,0.47368421052631576
3de1bd0f2107198931177b2b23877df4,3898,8776,316,0.002581534848367185
1ce4605e771a04e375e0d1083f183e8e,375,386,64,0.47073170731707314
ec3a2197ca6b63ee1454d99a6ae145ab,183,186,75,0.2059800664451827
6576c196385407b0f7f4b1b537d88983,119,117,22,0.6157894736842106
15244d2321faa3a271ff0b1e5a23148f,680,708,117,0.06009676597911892
c39e272e9ea15d61e0c8e6b749a1ad46,111,112,21,0.7320261437908496
6377ec0c87f4ec1e7897751dd85d73d4,390,428,145,1.3169230769230769
6570163cd34454b3d1476c134d44b9d9,297,307,65,0.6189516129032258
67504a0c2c2bf47efccdab5ca981ad7d,1741,4305,268,0.009141388939025556
17f5a2e0997b59449ca2120b20b5b7ce,200,209,38,0.9047619047619048
09d372e4259980ac95fdadf1846578d9,113,112,17,1.2307692307692308
268eef019bf65b2987e945afaf29643f,3551,9172,220,0.009155337286139226
827040a5f5ae8de281a63899224b2f3a,3285,8710,153,0.004679059997797458
e1b6940985a23e5639450f8391820655,4769,12832,91,0.005559729396462605
fe8ff84a23feb673a59d8571575fee0b,32,30,13,3.0
36c0d3f109aede4d76b05431f8a64f9e,375,386,64,0.47073170731707314
ddf3db31f9fa21cd43ff19dde393aba8,580,809,95,0.12341723874904653
7cb055ac3acbf53e07e20b65ec9126a1,1,0,0,0.0
37eee514b04167f8e17e2caa3bfd3049,77,90,40,0.5263157894736842
95d85aa629a786bb67439a064c4349ec,430,439,64,0.4241545893719807
bac2e89bd92ce23e1e93a63d26dea01a,84,80,20,0.5228758169934641
fb671e6de6e301c892d2fdaa58f9cd9a,78,90,40,0.47368421052631576
6808ec6dbb23f0fa7637c108f44c5c80,1202,2956,83,0.014101169691071804
81b03cbcfc4b9d090cd8f5e5da816895,656,744,49,0.10777922642329422
ba0c4d3dbf07d407211b5828405a9b91,375,386,64,0.47073170731707314
65018cd542145a3792ba09985734c12a,119,117,22,0.6157894736842106
a99e06e2f90db4e506ef1347a8774dd5,333,341,64,0.5412698412698412
57e79f7df13c0cb01910d0c688fcd296,284,300,68,0.6451612903225806
c044715c2626ab515f6c85a21c47c7dd,302,312,64,0.5561497326203209
01e0dc079d4e33d8edd050c4900818da,1164,1589,121,0.019519445741100164
2dd892986b2249b5214639ecc8ac0223,119,117,22,0.6157894736842106
1328eaceb140a3863951d18661b097af,699,1203,99,0.026468064509031705
50f35b7c86aede891a72fcb85f06b0b7,177,193,55,1.128654970760234
5bd5a22d42c04db7ac1343a2a9f471fe,1396,1914,192,0.015404302581065746
7a670d13d4d014169c4080328b8feb86,292,469,55,0.4338575393154487
1ca3ca9ec20474d07fc798f2b41e2625,49,68,27,0.4444444444444444
6e8f302794cfaae731840e345063e652,123,118,29,0.3933333333333333
43b844c35e1a933e9214588be81ce772,714,795,257,0.5995475113122172
d271ae0f4e9230af3b61eafe7f671fde,197,207,38,0.8961038961038961
4a54d7878d4170c3d4e3c3606365c42c,1365,3142,265,0.014535999962989179
689dcd40d5eae8c0d315265f3d90ffae,519,617,49,0.11087151841868823
d62cd4ad2a919b6acfa6d49d446dffdb,104,111,47,0.925
2fccaa39533de02490b1c6395878dd79,971,1092,86,0.09032258064516129
db05df0498b59b42a8e493cf3c10c578,4769,12832,91,0.005559729396462605
7a7a46e8fbc25a624d58e897dee04ffa,185,198,54,7.071428571428571
001dd76872d80801692ff942308c64e6,354,455,34,0.23297491039426524
7b42b35832855ab4ff37ae9b8fa9e571,106,119,36,3.3055555555555554
1f2eb7b090018d975e6d9b40868c94ca,101,97,21,0.5672514619883041
097b5abb53a3d84fa9eabda02fef9e91,13,11,11,11.0
a639f598d4c0b9aa7a4691d05f27d977,243,269,49,0.21959183673469387
ef6c375e3e6930e2b50e1e97fe6fbcc9,199,157,23,0.11393323657474601
ca327bc83fbe38b3689cd1a5505dfc33,1407,3382,288,0.013784389647442429
70a55fdc712c6e31e013e6b5d412b0d6,452,503,139,0.17190704032809295
1415eb8519d13328091cc5c76a624e3d,344,381,44,0.7215909090909091
00dbb9e1c09dbdafb360f3163ba5a3de,376,1506,121,0.1442528735632184
f4ed3b7a8a58453052db4b5be3707342,430,439,64,0.4241545893719807
390d1f2a620912104f53c034c8aef14b,282,298,68,0.6408602150537634
933b11bc4799f8d9f65466fb2e3ea659,787,1801,86,0.024491405570060923
f7c63592ffb87b81ce45c89d207e9403,538,603,136,0.04511446954960347
1ea61a0945bde3c6f41e12bc01928d37,564,629,94,0.03325403119217552
02c65973b6018f5d473d701b3e7508b2,787,1801,86,0.024491405570060923
173cd315008897e56fa812f2b2843f83,89,97,34,1.2435897435897436
3e69945e5865ccc861f69b24bc1166b6,297,307,65,0.6189516129032258
065e63afdfa539727f63af7530b22d2f,958,1077,86,0.09262125902992777
5aeaa53340a281074fcb539967438e3f,297,307,65,0.6189516129032258
e54ce5f0112c9fdfe86db17e85a5e2c5,375,386,64,0.47073170731707314
a5d4ebc0285f0213e0c29d23bc410889,1202,2956,83,0.014101169691071804
8442ae37b91f279a9f06de4c60b286a3,101,97,21,0.5672514619883041
8462a62f13f92c34e4b89a7d13a185ad,677,695,135,0.5909863945578231
471005f73280264c48f769e1c21fbcc1,288,298,64,0.6008064516129032
6d2320af561b2315c1241e3efd86067f,238,253,50,0.35988620199146515
4c9c9dbf388a8d81d8cfb4d3fc05f8e4,292,469,55,0.4338575393154487
bcbdef1678049378be04719ed29078d2,599,644,77,0.08870523415977961
c99fa835350aa9e2427ce69323b061a9,794,1521,118,0.025046932121331883
523f56515221161579ee6090c962e5b1,200,214,45,0.9264069264069265
bcb087f69792b69494a3edad51a842bb,166,163,35,1.1985294117647058
f1e5d9bf7705b4dc5be0b8a90b73a863,186,200,35,1.6666666666666667
6faa4740f99408d4d2dddd0b09bbdefd,119,117,22,0.6157894736842106
9675827a495f4ba6a4efd4dd70932b7c,202,642,94,0.1677115987460815
b3848edbabfbce246a9faf5466e743bf,190,191,74,1.819047619047619
6fbf667e82c1477c4ce635b57b83bfa0,117,154,53,0.43874643874643876
c110f08399c5dca64d7dc4539eb82083,673,815,78,0.0814104485066427
5e42780f52763c77d592044e535e4b01,430,439,64,0.4241545893719807
fab6b0b33d59f393e142000f128a9652,430,439,64,0.4241545893719807
3b1b190407b868406c5c155a79f3d146,110,106,17,0.4189723320158103
2ba0d0083976a5c1e3315413cdcffcd2,119,117,22,0.6157894736842106
c4c638750526e28f68d6d71fd1266bdf,106,119,36,3.3055555555555554
47e7f92419eb4b98ff4124c3ca11b738,124,125,75,3.4722222222222223
41a5d40ecc735172b18b61e01a30a178,132,138,42,2.090909090909091
36cd49ad631e99125a3bb2786e405cea,840,877,94,0.07444189797130973
7704ad9e8e0e3d75075e4c294f698d53,87,85,12,0.5555555555555556
36d5c8fc4b14559f73b6136d85b94198,292,469,55,0.4338575393154487
bf0ee4367ea32f8e3b911c304258e439,150,151,36,0.15252525252525254
5ff3269faca4a67d1a4c537154aaad4b,564,629,94,0.03325403119217552
baabd9b76bff84ed27fd432cfc6df241,243,269,49,0.21959183673469387
5a728cb9ce56763dccb32b5298d0f050,3501,9218,322,0.00924038020084645
052ec04866e4a67f31845d656531830d,356,457,34,0.2339989759344598
4e551abcd14506092a0f8d54a45f3569,844,1751,136,0.02332241135885346
0ca6e2ad69826c8e3287fc8576112814,213,208,41,0.21987315010570824
31e5e58dbdfad05175613e795298ebb5,945,2166,110,0.01800573589924768
9ea3c16194ce354c244c1b74c46cd92e,101,97,21,0.5672514619883041
9f11bc08af048c5c3a110e567082fe0b,150,151,36,0.15252525252525254
769aeae232c6162cedcb6c7255640c4c,91,88,13,0.5146198830409356
543e03cc5872e9ed870b2d64363f518b,1150,1568,121,0.019453852929864394
3f8682ab074a097ebbaadbf26dfff560,478,490,112,0.5426356589147286
123505024f9e5ff74cb6aa67d7fcc392,1403,3363,198,0.013667898118682712
ac87816b9a371e72512d8fd82f61c737,89,97,34,1.2435897435897436
5c6f30cc369cd164d44941d381e282cc,86,88,13,0.5146198830409356
a316d5aeca269ca865077e7fff356e7d,119,117,22,0.6157894736842106
2daa4a4574ba06aa3203ae0e0b45b3b8,844,1751,136,0.02332241135885346
51326bf40da5a5357a143dd9a6e6a11c,177,176,35,1.0292397660818713
8a86df3d382bfd1e4c4165f4cacfdff8,357,458,34,0.2345110087045571
2479a9a50308cb72fcd5e4e18ef06468,236,248,55,1.180952380952381
a565682d8a13a5719977223e0d9c7aa4,238,253,50,0.35988620199146515
0c28ad34f90950bc784339ec9f50d288,1545,2145,180,0.015186270761649887
d7aa32b7465f55c368230bb52d52d885,139,137,35,9.133333333333333
9fc3ed6c9b8056fbf155f79569ca7cb1,147,147,29,1.225
6bf8f1f99ac5bba0db1b66518df378a4,104,111,47,0.925
4c858a80df0d6de5d69824c9502b65cf,243,269,49,0.21959183673469387
7712d05c8b499fc7a1f4a6a6b6dee825,1376,3357,63,0.010690129542588559
cc3a9a7b026bfe0e55ff219fd6aa7d94,292,469,55,0.4338575393154487
15901ddbccc5e9e0579fc5b42f754fe8,682,740,162,0.46365914786967416
165ef79e7caa806f13f82cc2bbf3dedd,189,208,88,3.7818181818181817
d22863c5e6f098a4b52688b021beef0a,177,192,55,1.0105263157894737
7acb0d1df51706536f33bbdb990041d3,399,530,39,0.15203671830177853
9e860622fee66074dfe81dcfcc40c4e2,599,644,77,0.08870523415977961
649d54bc9eef5a60a4b9d8b889fee139,226,233,36,0.34984984984984985
0c5e9f564115bfcbee66377a829de55f,341,370,82,0.6595365418894831
da383cc098a5ea8fbb87643611e4bfb6,873,930,230,0.5827067669172933
4cabfaef26fd8e5aec01d0c4b90a32f3,282,293,55,0.8347578347578347
ca6fe7a1315af5afeac2961460a80569,119,117,22,0.6157894736842106
8934aeed5d213fe29e858eee616a6ec7,1365,3142,265,0.014535999962989179
d8238e950608e5aba3d3e9e83e9ee2cc,564,629,94,0.03325403119217552
8b75bcbff174c25a0161f30758509a44,119,117,22,0.6157894736842106
0dd3677594632ce270bcf8af94819caf,200,214,45,0.9264069264069265
56de2854ef64d869b5df7af5e4effe3e,478,490,112,0.5426356589147286
db50416d9e67f4982e89e0ffb0ade6f3,147,147,29,1.225
a38a367d6696ba90b2e778a5a4bf98fd,186,200,35,1.6666666666666667
f3611c5c793f521f7ff2a69c22d4174e,1545,2145,180,0.015186270761649887
c1bd23ece59e36143d80f7eec0e38c52,45,40,18,1.1111111111111112
605c1dc91a5c85024160ce78dfac842d,78,90,40,0.47368421052631576
d262cb8267beb0e218f6d11d6af9052e,64,59,21,1.6388888888888888
d9fbf759f527af373e34673dc3aca462,119,117,22,0.6157894736842106
c41e44045cebebfba234063de8fd7c4d,430,439,64,0.4241545893719807
55886d571c2a57984ea9659b57e1c63a,354,455,34,0.23297491039426524
75dad1ccabae8adeb5bae899d0c630f8,478,490,112,0.5426356589147286
e476e4a24f8b4ff4c8a0b260aa35fc9f,978,2252,119,0.017282529450136218
ef8e0fb20e7228c7492ccdc59d87c690,4093,10014,209,0.007316511834351951
468ff2c12cffc7e5b2fe0ee6bb3b239e,4609,13057,363,0.007283545056510648
4b19a2a6d40a5825e868c6ef25ae445e,478,490,112,0.5426356589147286
99a39866a657a10949fcb6d634bb30d5,119,117,22,0.6157894736842106
270d42f292105951ee81e4085ea45054,197,211,45,0.9134199134199135
a5b581c0600815b1112ca2fed578928b,166,163,35,1.1985294117647058
37ddd3d72ead03c7518f5d47650c8572,287,454,55,0.4199814986123959
17199ddac616938f383a0339f416c890,651,702,47,0.07877903714510157
13f0b56c28995e4efc8da784ad862853,90,90,12,0.5263157894736842
c0134285a276ab933e2a2b9b33b103cd,656,749,109,0.044488001900689
989b797c2a63fbfc8e1c6e8a8ccd6204,1155,1575,121,0.019540700487587003
6e442c5ef460bee4c9457c6bf7a132d6,1,0,0,0.0
4c6bddcca2695d6202df38708e14fc7e,4089,10010,209,0.0073135893211367115
fc1937c1aa536b3744ebdfb1716fd54d,699,1203,99,0.026468064509031705
871cc547feb9dbec0285321068e392b8,284,300,68,0.6451612903225806
94a59ce0fadf84f6efa10fe7d5ee3a03,356,357,65,1.0984615384615384
c0a33a1b472a8c16123fd696a5ce5ebb,119,117,22,0.6157894736842106
57326cd78a56d26e349bbd4bcc5b9fa2,1493,2079,158,0.015288900655238599
57f98d16ac439a11012860f88db21831,147,146,35,1.6043956043956045
7f1a4bc267ace340a5aa7a0b79cbf349,202,214,26,0.2369878183831672
575836ebb1b8849f04e994e9160370e4,213,227,35,1.4836601307189543
0b506c6dde8d07f9eeb82fd01a6f97d4,1365,3142,265,0.014535999962989179
0d0240672a314a7547d328f824642da8,599,644,77,0.08870523415977961
b8277cce81e0a372bc35d33a0c9483c2,246,272,49,0.2220408163265306
23059de2797774bbdd9b21f979aaec51,117,154,53,0.43874643874643876
2c49f47c98203b110799ab622265f4ef,246,272,49,0.2220408163265306
d16947b200afa74a917f055597b772c0,292,469,55,0.4338575393154487
6ebd05a02459d3b22a9d4a79b8626bf1,41,74,18,1.121212121212121
1f92ff8711716ca795fbd81c477e45f5,297,307,65,0.6189516129032258
277964807a66aeeb6bd81dbfcaa3e4e6,32,26,11,0.7222222222222222
002325a0a67fded0381b5648d7fe9b8e,356,457,34,0.2339989759344598
438983192903f3fecf77500a39459ee6,203,205,36,0.1607843137254902
73d125f84503bd87f8142cf2ba8ab05e,213,227,35,1.4836601307189543
c91eacab7655870764d13ba741aa9a73,1202,2956,83,0.014101169691071804
bc723e4f93a3bf85f4d1e1910393d1a3,718,743,117,0.056974158423433785
bf80dbf969b73790253f683cd723fd71,142,141,35,1.5494505494505495
3107de21e480ab1f2d67725f419b28d0,1365,3142,265,0.014535999962989179
a2534e9b7e4146368ea3245381830eb0,120,114,21,0.3507692307692308
af2745e8888f2ba17a9cf2e0779d3874,264,277,50,0.3940256045519203
435991e0c67f0c0b4504355b6d4493f0,288,298,64,0.6008064516129032
98409dbf432419024dbf028c004344c1,979,1681,124,0.05488441948543816
f7f85d7f628ce62d1d8f7b39d8940472,344,381,44,0.7215909090909091
6b3d19cc86d82b06f5db3ae9d5ba8a5f,127,134,42,1.1166666666666667
830a748959bdd1ad3b6a1f72aab6f063,104,105,21,0.6862745098039216
7388d67561d0a7989202ad4d37eff24f,430,439,64,0.4241545893719807
55fb1409170c91740359d1d96364f17b,375,386,64,0.47073170731707314
321d75c9990408db812e5a248a74f8c8,1153,1572,121,0.019503480105705885
727a6800991eead454e53e8af164a99c,4609,13057,363,0.007283545056510648
aa4f1ecc4d25b33395196b5d51a06790,293,470,55,0.43478260869565216
5100f0a34695c4c9dc7e915177041cad,789,893,107,0.046255050243447636
29c691978af80dc23c4df96b5f6076bb,860,971,77,0.08135735232509426
3e6ed3ee47bce9946e2541332cb34c69,297,307,65,0.6189516129032258
225e33508861984dd2a774760bfdfc52,190,200,56,2.5641025641025643
09531f851ef74a7238685fd287a395bd,224,218,37,0.24141749723145073
30e78d186b27d2023a2a7319bb679c3f,225,238,50,0.3385490753911807
4f763b07a7b8a80f1f9408e590f79532,1403,3363,198,0.013667898118682712
77fbfed235d6062212a3e43211a5706e,656,744,49,0.10777922642329422
d0d5a20c5a6c4fddab4d43b85632b6a9,270,281,43,0.2714975845410628
7d3140bd028f70f1fa865364b69c5999,118,117,51,1.1142857142857143
b74022a7b9b63fdc541ae0848b28a962,106,119,36,3.3055555555555554
a2cd1189860b9ba214421aab86ecbc8a,234,238,40,1.1333333333333333
c6a4bb1a4e4f69ec71855d70d6960859,3633,9316,384,0.009338618133118412
034374db2d35cf9da6558f54cec8a455,551,631,237,0.23361717882265828
cf038194f0fe222f31ec24cb80941bb1,42,75,18,1.1363636363636365
120c2e085992ff59a21ba401ec29fec9,233,255,61,0.31097560975609756
d7796209412da17b2ee2ccf2309b4abf,579,808,94,0.12326468344774981
3120fc8630c5252002f26f6e11b09eca,37,34,18,5.666666666666667
650a6fca433ee243391e4b4c11f09438,119,117,22,0.6157894736842106
4192479b055b2b21cb7e6c803b765d34,177,192,55,1.0105263157894737
e83f60fb0e0396ea309faf0aed64e53f,375,386,64,0.47073170731707314
1c16bd1488163c03cd506c2f71486a0f,292,469,55,0.4338575393154487
5bcaa2f4bc7567f6ffd5507a161e221a,131,129,21,0.39692307692307693
ab208f0b517ba9850f1551c9555b5313,297,307,65,0.6189516129032258
2b659d71ae168e774faaf38db30f4a84,293,470,55,0.43478260869565216
af2f7b070245c90bd2a0a0845314173a,243,269,49,0.21959183673469387
53b263dd41838aa178a5ced338a207f3,564,629,94,0.03325403119217552
33de5067a433a6ec5c328067dc18ec37,119,117,22,0.6157894736842106
f802b6e448c054c9c16b97ff85646825,210,223,35,1.457516339869281
a241eec892637dec971bd925a40d3efb,430,439,64,0.4241545893719807
12f25ce81596aeb19e75cc7ef08f3a38,3107,8986,363,0.010401004681956814
ea1b44094ae4d8e2b63a1771a3e61fd5,953,2191,110,0.017847833170413815
ab00b38179851c8aa3f9bc80ed7baa23,88,97,37,0.7132352941176471
f8437e44748d2c3fcf84019766f4e6dc,119,117,22,0.6157894736842106
2f930d92dc5ebc9d53ad2a2b451ebf65,354,455,34,0.23297491039426524
bdd2ad4c0e1e5667d117810ae9e36c4b,150,151,36,0.15252525252525254
973f4a238d6d19bdc7b42977b07b9cef,106,119,36,3.3055555555555554
c9172b3e83c782bc930c06b628f31fa5,106,119,36,3.3055555555555554
831a67dc75e2d4505180888747bc8ea9,127,134,42,1.1166666666666667
0b680e7bd5c0501d5dd73164122a7faf,78,90,40,0.47368421052631576
44066f29aab6a9379f8dd30f6bec257d,147,147,29,1.225
6f9992c486195edcf0bf2f6ee6c3ec74,804,1532,118,0.025228073642261963
d2f1be7e10ed39aa8bc0f7f671d824d2,41,74,18,1.121212121212121
c3e5603a38e700274d1ab30ce93d08b9,173,189,40,0.9
785003a405bc7a4ebcbb21ddb757bf3f,119,117,22,0.6157894736842106
1a0c7e61bcc50d57b7bcf9d9af691de5,643,687,41,0.08864516129032259
0496e3b17cf40c45f495188a368c203a,245,271,49,0.22122448979591836
b07322743778b5868475dbe66eedac4f,101,97,21,0.5672514619883041
da6b0ee7ec735029d1ff4fa863a71de8,168,174,98,0.9157894736842105
8e8622c393d7e832d39e620ead5d3b49,3917,9993,273,0.009538691214820528
3c1b2fabb7d74bc5be0820eae4107f8a,136,136,26,1.7435897435897436
3e87051b1dc3463f378c7e1fe398dc7d,287,356,28,0.30272108843537415
0908d8b3e459551039bade50930e4c1b,1198,2951,83,0.014077317915545633
0149b7bd7218aab4e257d28469fddb0d,344,381,44,0.7215909090909091
1e5ec6c06e4f6bb958dcbb9fc636009d,61,59,14,0.8939393939393939
88dbcc682635b4013bcba5ad28bb976b,83,81,13,0.5294117647058824
ec8aa67b05407c01094184c33d2b5a44,101,97,21,0.5672514619883041
a8b2ac446c614fd5d4880d95369deb3b,104,111,47,0.925
